Date,Company_Name,Campaign_Name,Channel,Region,Country,Impressions,Clicks,CTR (%),Spend ($),CPC ($),Leads,Conversions,Conversion Rate (%),Revenue ($),ROAS,Customer Segment
2024-01-01,ShopNest,Brand Awareness,Google Ads,Middle East,United States,40579,4175,5.09,3822.54,1.55,19,97,5.68,15550.43,2.23,Enterprise
2024-01-02,GrowthSpark Marketing,Brand Awareness,Google Ads,North America,UAE,43056,3021,9.88,4684.07,0.97,180,162,2.07,6295.65,2.42,SMB
2024-01-03,Apex Marketing Group,Brand Awareness,Google Ads,North America,Brazil,34272,2067,7.67,4706.72,0.99,460,173,6.6,11398.76,0.74,Returning Customers
2024-01-04,ShopNest,Email Nurture,LinkedIn,South America,Saudi Arabia,43581,2465,2.86,915.17,1.57,273,9,11.04,19633.42,2.73,Enterprise
2024-01-05,ShopNest,Seasonal Sale,Facebook,South America,China,15671,4640,5.61,4379.98,4.01,123,135,2.06,17973.07,4.88,New Customers
2024-01-06,GrowthSpark Marketing,Email Nurture,Instagram,Asia,Brazil,28048,3146,9.93,3700.29,4.55,303,144,3.49,19058.04,3.66,New Customers
2024-01-07,Apex Marketing Group,Seasonal Sale,Email,South America,Australia,11738,1659,8.65,1301.55,4.88,192,19,2.64,7784.11,7.77,SMB
2024-01-08,Apex Marketing Group,Email Nurture,Instagram,Asia,Brazil,26963,767,1.42,383.06,1.31,61,134,12.06,15759.87,0.92,SMB
2024-01-09,ShopNest,Email Nurture,Instagram,North America,Australia,44954,3611,7.21,1376.59,4.43,203,114,1.41,12435.97,4.94,SMB
2024-01-10,CloudNova,Product Launch,Twitter,Europe,Brazil,7773,1066,3.78,4565.43,1.78,21,139,10.46,1746.43,6.94,Enterprise
2024-01-11,ShopNest,Email Nurture,Facebook,Middle East,UAE,37584,3615,0.57,3184.23,0.74,438,125,5.81,16497.21,4.11,New Customers
2024-01-12,ShopNest,Lead Generation,Twitter,North America,South Africa,30894,4751,4.33,3619.22,4.38,292,61,11.46,13574.32,0.52,Returning Customers
2024-01-13,ShopNest,Product Launch,Facebook,South America,United Kingdom,1717,4520,2.73,1322.9,3.25,410,42,14.48,4058.46,2.32,Enterprise
2024-01-14,ShopNest,Email Nurture,Facebook,Middle East,UAE,12676,2010,8.28,3610.97,0.99,59,13,2.16,1686.8,2.93,SMB
2024-01-15,GrowthSpark Marketing,Brand Awareness,Google Ads,Europe,South Africa,5434,1098,3.7,189.2,2.26,445,140,5.06,16756.74,7.74,New Customers
2024-01-16,Apex Marketing Group,Lead Generation,LinkedIn,Europe,France,38825,1407,8.36,1907.84,1.58,273,85,12.25,1670.15,7.34,SMB
2024-01-17,GrowthSpark Marketing,Lead Generation,Google Ads,Asia,Japan,30100,3476,0.51,3152.43,3.74,307,20,4.36,1917.94,7.62,Returning Customers
2024-01-18,GrowthSpark Marketing,Lead Generation,LinkedIn,Middle East,Japan,5994,165,3.42,773.18,2.38,91,50,3.62,8605.42,6.69,Returning Customers
2024-01-19,GrowthSpark Marketing,Product Launch,Twitter,Asia,Germany,5234,2145,2.79,4123.87,4.95,322,164,12.47,2782.48,3.14,New Customers
2024-01-20,ShopNest,Email Nurture,LinkedIn,North America,Netherlands,4764,1851,2.72,1213.4,0.46,442,92,14.81,18282.02,7.29,Enterprise
2024-01-21,CloudNova,Email Nurture,Twitter,Middle East,Netherlands,44949,2196,1.15,3278.79,1.9,33,88,8.57,9458.65,7.86,Returning Customers
2024-01-22,Apex Marketing Group,Brand Awareness,Instagram,North America,Saudi Arabia,38405,1670,2.28,2055.73,2.51,26,69,4.53,11426.1,3.13,Returning Customers
2024-01-23,CloudNova,Brand Awareness,Instagram,Asia,UAE,35872,4830,5.78,3000.42,2.62,325,37,6.28,18569.31,2.45,Returning Customers
2024-01-24,GrowthSpark Marketing,Lead Generation,LinkedIn,Middle East,UAE,43215,3000,3.27,581.88,1.72,289,140,2.97,10652.24,4.6,Returning Customers
2024-01-25,GrowthSpark Marketing,Brand Awareness,LinkedIn,Asia,United States,24185,3842,4.47,133.72,3.7,52,99,11.55,7136.46,1.9,SMB
2024-01-26,CloudNova,Product Launch,Twitter,Middle East,United States,44442,2991,4.08,4552.34,4.4,9,125,11.72,15963.39,0.74,SMB
2024-01-27,CloudNova,Email Nurture,Google Ads,Asia,Netherlands,42153,4955,8.82,1384.67,4.71,254,168,13.19,8912.72,7.59,Enterprise
2024-01-28,CloudNova,Lead Generation,Twitter,Europe,Germany,12999,1027,9.1,4107.4,4.06,167,54,0.89,6437.54,7.44,New Customers
2024-01-29,GrowthSpark Marketing,Brand Awareness,Google Ads,Asia,India,37487,3116,5.18,4996.78,4.28,206,130,8.65,14492.27,1.72,New Customers
2024-01-30,GrowthSpark Marketing,Product Launch,Instagram,Europe,Japan,3581,833,3.64,1096.58,2.84,471,178,3.61,16051.95,3.56,New Customers
2024-01-31,Apex Marketing Group,Product Launch,Facebook,Asia,India,3763,290,1.51,1362.6,4.16,105,41,5.44,15855.15,6.73,Returning Customers
2024-02-01,Apex Marketing Group,Brand Awareness,LinkedIn,Middle East,Saudi Arabia,28374,1603,9.56,3331.16,1.66,75,45,11.88,19555.72,5.46,SMB
2024-02-02,GrowthSpark Marketing,Email Nurture,Google Ads,Middle East,Australia,39759,4628,1.07,4828.97,2.11,434,103,3.28,15754.67,3.46,SMB
2024-02-03,CloudNova,Brand Awareness,Twitter,Middle East,Netherlands,11531,1062,3.33,4583.28,1.72,167,106,9.76,15421.68,6.08,Enterprise
2024-02-04,CloudNova,Lead Generation,Instagram,South America,Netherlands,26307,236,3.33,2539.23,2.44,177,137,9.99,17163.96,7.23,New Customers
2024-02-05,Apex Marketing Group,Brand Awareness,Google Ads,North America,Australia,31835,1931,3.54,3985.8,1.57,145,190,14.33,103.69,7.45,SMB
2024-02-06,GrowthSpark Marketing,Product Launch,Twitter,Middle East,Singapore,12064,4636,2.06,721.94,4.82,142,128,11.74,7312.39,3.34,Enterprise
2024-02-07,Apex Marketing Group,Brand Awareness,LinkedIn,Europe,Canada,12312,480,7.94,4888.32,1.7,70,86,12.15,14778.3,1.8,New Customers
2024-02-08,Apex Marketing Group,Email Nurture,LinkedIn,Middle East,Brazil,38548,288,1.66,4823.55,0.67,202,47,8.21,12034.41,7.35,Returning Customers
2024-02-09,ShopNest,Seasonal Sale,Email,South America,United States,37945,2395,6.53,860.46,2.73,332,5,3.21,3633.68,1.19,SMB
2024-02-10,ShopNest,Brand Awareness,Facebook,Europe,Canada,48937,125,1.68,1532.14,0.47,232,1,6.67,6144.29,5.91,SMB
2024-02-11,ShopNest,Email Nurture,Email,South America,France,7476,1406,1.17,545.77,0.73,285,44,8.47,6802.17,1.55,New Customers
2024-02-12,CloudNova,Email Nurture,Instagram,Europe,Germany,25565,4972,9.14,1395.0,1.25,176,150,10.34,11399.78,3.42,Returning Customers
2024-02-13,GrowthSpark Marketing,Product Launch,Google Ads,Asia,Germany,3382,2380,2.31,4088.98,2.43,320,38,9.31,16648.81,3.59,Returning Customers
2024-02-14,GrowthSpark Marketing,Email Nurture,Instagram,North America,Australia,23463,4736,8.3,1922.66,2.28,435,19,6.21,18656.59,1.69,SMB
2024-02-15,GrowthSpark Marketing,Email Nurture,Twitter,North America,UAE,46276,1952,5.67,487.56,4.04,44,159,4.35,15026.84,7.42,New Customers
2024-02-16,GrowthSpark Marketing,Email Nurture,LinkedIn,South America,Japan,34402,4063,1.24,1744.02,3.75,11,115,2.94,16874.71,0.52,Enterprise
2024-02-17,ShopNest,Email Nurture,Email,North America,India,27345,4720,9.58,4907.85,2.25,178,195,10.56,9454.91,7.2,SMB
2024-02-18,CloudNova,Lead Generation,Email,South America,United States,45764,2109,2.85,3166.93,1.8,155,87,9.86,7856.53,7.13,Returning Customers
2024-02-19,CloudNova,Lead Generation,Email,South America,Canada,27946,190,8.67,2110.0,1.72,215,170,10.47,7914.9,2.88,Enterprise
2024-02-20,ShopNest,Product Launch,Instagram,South America,India,15162,1839,2.1,874.37,3.92,306,123,5.9,12359.17,5.78,New Customers
2024-02-21,CloudNova,Brand Awareness,LinkedIn,North America,UAE,47773,3676,8.61,4931.58,0.45,90,82,4.3,2572.31,2.4,Returning Customers
2024-02-22,ShopNest,Email Nurture,Google Ads,South America,Canada,9397,66,0.63,4113.2,0.26,401,154,11.52,11631.93,6.19,Enterprise
2024-02-23,GrowthSpark Marketing,Brand Awareness,Twitter,North America,Netherlands,23335,4398,5.36,1443.31,4.02,257,141,11.72,13336.14,4.71,SMB
2024-02-24,ShopNest,Brand Awareness,Google Ads,South America,South Africa,46095,514,7.81,396.84,2.49,25,58,7.11,8834.28,2.75,Returning Customers
2024-02-25,GrowthSpark Marketing,Product Launch,Instagram,Middle East,Brazil,15394,4521,9.38,330.3,0.83,261,146,9.37,19068.03,3.5,New Customers
2024-02-26,GrowthSpark Marketing,Email Nurture,Twitter,South America,France,28197,1877,9.14,645.87,1.33,383,67,5.92,12203.44,5.67,Returning Customers
2024-02-27,Apex Marketing Group,Email Nurture,Email,Europe,Singapore,23010,3078,8.29,2924.8,4.68,407,122,10.68,4477.99,7.3,SMB
2024-02-28,ShopNest,Seasonal Sale,Facebook,South America,France,25123,569,8.94,4647.38,4.33,385,87,12.62,9636.4,1.48,New Customers
2024-02-29,Apex Marketing Group,Brand Awareness,Instagram,Asia,India,23387,139,2.39,2508.88,3.61,448,131,10.48,13540.55,4.79,SMB
2024-03-01,ShopNest,Brand Awareness,Instagram,South America,India,3890,4865,3.2,4222.58,2.51,37,55,7.93,6540.22,2.4,Enterprise
2024-03-02,ShopNest,Lead Generation,LinkedIn,Europe,Singapore,28769,2901,3.25,2257.14,2.7,264,89,7.15,1684.87,6.51,Returning Customers
2024-03-03,Apex Marketing Group,Seasonal Sale,Google Ads,Europe,India,44626,2893,4.08,3557.49,4.88,238,58,9.81,11710.37,1.03,SMB
2024-03-04,Apex Marketing Group,Lead Generation,Instagram,North America,Singapore,9026,4775,4.24,3672.77,4.84,7,63,10.36,18962.62,5.67,Enterprise
2024-03-05,ShopNest,Lead Generation,Instagram,Middle East,Canada,4306,1934,5.67,911.12,1.23,351,91,8.6,9752.93,1.81,New Customers
2024-03-06,CloudNova,Lead Generation,Email,South America,Singapore,34665,4221,2.02,1838.02,4.09,312,52,9.56,18131.57,4.97,New Customers
2024-03-07,GrowthSpark Marketing,Product Launch,Email,North America,Brazil,10277,975,7.07,3204.65,1.15,493,126,1.9,16716.97,6.77,Enterprise
2024-03-08,Apex Marketing Group,Product Launch,Twitter,Middle East,Singapore,43239,3784,2.09,399.95,1.22,231,24,14.3,3033.51,6.16,Enterprise
2024-03-09,GrowthSpark Marketing,Lead Generation,Facebook,South America,South Africa,48664,1019,3.45,1839.62,3.45,288,72,11.97,14192.58,6.15,New Customers
2024-03-10,CloudNova,Seasonal Sale,LinkedIn,Asia,Netherlands,49008,1144,5.28,2697.26,2.14,74,9,5.92,8765.76,4.38,SMB
2024-03-11,CloudNova,Brand Awareness,Facebook,South America,Singapore,15683,3245,8.07,4981.31,4.67,458,110,8.66,5079.9,7.18,Enterprise
2024-03-12,CloudNova,Seasonal Sale,Twitter,Europe,United Kingdom,1670,1454,7.52,2398.94,0.63,443,165,1.19,13770.07,4.91,SMB
2024-03-13,Apex Marketing Group,Email Nurture,Email,Europe,Singapore,24675,3414,6.63,4089.48,2.66,317,94,1.1,14878.95,7.38,New Customers
2024-03-14,CloudNova,Product Launch,Google Ads,Asia,India,18889,4340,1.98,2188.73,4.61,368,117,4.14,3679.94,4.6,SMB
2024-03-15,Apex Marketing Group,Brand Awareness,Email,North America,South Africa,45535,4032,5.7,3992.13,4.54,475,83,10.5,18297.45,4.29,SMB
2024-03-16,CloudNova,Brand Awareness,LinkedIn,Middle East,Japan,14006,4373,1.33,2997.3,0.95,258,181,12.86,15047.83,2.17,Enterprise
2024-03-17,GrowthSpark Marketing,Email Nurture,Email,South America,Saudi Arabia,49536,4063,4.08,4438.65,1.96,485,80,8.61,18674.17,4.59,SMB
2024-03-18,GrowthSpark Marketing,Email Nurture,LinkedIn,Europe,South Africa,27531,4606,4.43,2084.17,3.17,148,152,8.22,6409.76,1.55,SMB
2024-03-19,ShopNest,Lead Generation,LinkedIn,North America,UAE,22639,4763,0.88,3041.31,0.97,28,149,6.33,18792.77,7.02,SMB
2024-03-20,GrowthSpark Marketing,Product Launch,LinkedIn,Asia,Saudi Arabia,17633,3142,3.1,3168.59,4.85,457,100,2.84,7433.5,5.57,New Customers
2024-03-21,ShopNest,Product Launch,Twitter,Europe,United States,35660,4209,9.58,2116.05,4.59,429,40,2.22,1174.0,7.95,New Customers
2024-03-22,GrowthSpark Marketing,Seasonal Sale,LinkedIn,Asia,United States,4439,2124,9.56,764.34,1.0,238,103,11.53,15283.09,1.19,Returning Customers
2024-03-23,Apex Marketing Group,Lead Generation,LinkedIn,South America,UAE,33172,334,3.85,513.12,0.78,337,62,13.95,14099.81,2.31,New Customers
2024-03-24,GrowthSpark Marketing,Lead Generation,Google Ads,Middle East,South Africa,36622,4983,0.91,132.52,0.61,179,198,7.15,11998.43,7.08,New Customers
2024-03-25,ShopNest,Lead Generation,Facebook,Europe,Canada,12577,4976,2.2,4373.99,4.57,336,69,10.06,9848.89,3.46,Returning Customers
2024-03-26,ShopNest,Lead Generation,Instagram,Europe,UAE,12763,1237,4.23,1220.55,1.13,329,142,13.76,740.09,4.0,Returning Customers
2024-03-27,CloudNova,Product Launch,Facebook,South America,Netherlands,21176,4019,9.5,1096.96,2.2,361,109,1.81,12529.49,6.95,Enterprise
2024-03-28,Apex Marketing Group,Product Launch,LinkedIn,North America,Saudi Arabia,45386,3015,1.84,3693.38,2.35,163,170,11.67,8395.01,4.41,Enterprise
2024-03-29,GrowthSpark Marketing,Lead Generation,Google Ads,Middle East,Saudi Arabia,25255,4369,7.75,1634.08,3.08,352,178,9.44,11248.17,1.95,New Customers
2024-03-30,CloudNova,Seasonal Sale,Email,Europe,India,42003,833,1.53,2554.92,0.54,352,189,9.18,8643.49,7.19,SMB
2024-03-31,GrowthSpark Marketing,Brand Awareness,Google Ads,Middle East,Australia,20996,999,9.82,854.43,1.29,290,4,4.74,19324.52,0.73,Enterprise
2024-04-01,GrowthSpark Marketing,Brand Awareness,LinkedIn,Europe,Germany,36386,3989,4.13,4800.74,4.67,22,72,10.42,12121.77,7.22,Enterprise
2024-04-02,CloudNova,Seasonal Sale,Google Ads,Middle East,United Kingdom,22062,94,7.86,4265.33,4.56,48,17,12.02,15009.8,0.88,New Customers
2024-04-03,CloudNova,Lead Generation,Google Ads,Asia,Saudi Arabia,36931,1860,3.75,4325.76,3.95,159,114,2.14,18733.3,5.49,SMB
2024-04-04,CloudNova,Product Launch,LinkedIn,Europe,Japan,36710,4616,6.46,2063.53,0.29,359,85,8.24,11872.83,1.04,Returning Customers
2024-04-05,CloudNova,Brand Awareness,Twitter,Middle East,UAE,35693,2131,2.32,3823.69,1.77,414,57,1.97,340.04,5.8,Returning Customers
2024-04-06,CloudNova,Email Nurture,Google Ads,North America,Brazil,36740,3548,1.89,762.19,3.21,381,107,13.15,782.4,0.75,New Customers
2024-04-07,GrowthSpark Marketing,Email Nurture,Instagram,Asia,Singapore,12705,879,9.41,92.66,1.52,235,48,7.86,14076.53,6.82,New Customers
2024-04-08,CloudNova,Seasonal Sale,Instagram,Asia,Australia,44408,1959,9.22,148.87,4.57,375,172,12.22,5653.79,3.99,SMB
2024-04-09,Apex Marketing Group,Lead Generation,Google Ads,North America,Saudi Arabia,29047,2631,8.93,2953.68,3.24,320,173,5.84,11629.66,1.2,New Customers
2024-04-10,ShopNest,Brand Awareness,Twitter,Middle East,UAE,11966,741,6.44,2304.2,0.55,406,117,2.31,4125.32,5.8,New Customers
2024-04-11,CloudNova,Lead Generation,Email,South America,France,18374,4069,8.18,2614.18,4.56,229,161,1.1,5477.95,4.17,New Customers
2024-04-12,CloudNova,Brand Awareness,LinkedIn,North America,Australia,12138,981,1.16,86.94,4.8,221,31,4.58,10142.36,1.93,SMB
2024-04-13,GrowthSpark Marketing,Seasonal Sale,Instagram,Middle East,Canada,16935,4986,3.68,2142.3,0.57,60,112,4.04,19513.83,0.62,New Customers
2024-04-14,CloudNova,Seasonal Sale,Email,North America,United Kingdom,46913,3456,3.48,3604.44,2.76,35,47,8.63,12363.78,3.63,Enterprise
2024-04-15,CloudNova,Email Nurture,Google Ads,North America,China,1489,197,6.54,2241.33,1.66,361,134,0.82,18729.35,1.14,SMB
2024-04-16,CloudNova,Lead Generation,Email,Europe,China,45516,1082,3.88,3674.49,2.09,63,108,8.05,19191.66,1.21,Enterprise
2024-04-17,GrowthSpark Marketing,Email Nurture,Facebook,Middle East,India,23260,1361,1.91,1203.44,1.06,384,72,6.18,4241.39,2.5,SMB
2024-04-18,CloudNova,Lead Generation,Instagram,South America,India,27069,437,6.17,4075.05,2.97,390,71,8.87,6292.75,5.23,Enterprise
2024-04-19,ShopNest,Email Nurture,Google Ads,Europe,Canada,20275,3171,8.24,2962.73,4.8,357,162,10.69,15422.85,4.47,SMB
2024-04-20,GrowthSpark Marketing,Product Launch,LinkedIn,North America,Brazil,37284,1923,4.13,1093.28,2.61,427,108,9.69,17348.6,1.02,Returning Customers
2024-04-21,ShopNest,Product Launch,Twitter,North America,India,40178,3638,1.76,1221.77,0.6,449,53,14.78,10432.61,7.76,New Customers
2024-04-22,GrowthSpark Marketing,Product Launch,Google Ads,North America,Germany,33821,965,2.37,3158.75,3.18,239,142,2.5,19865.2,7.15,New Customers
2024-04-23,CloudNova,Product Launch,LinkedIn,Middle East,Saudi Arabia,17999,1928,2.76,4158.2,1.83,111,16,6.73,330.29,2.44,SMB
2024-04-24,ShopNest,Brand Awareness,Twitter,Middle East,United Kingdom,39712,3798,3.35,2107.36,4.31,195,171,6.66,6061.89,1.42,Enterprise
2024-04-25,GrowthSpark Marketing,Product Launch,Twitter,Europe,South Africa,41172,327,6.61,1328.59,2.29,484,116,6.55,12500.92,7.57,Returning Customers
2024-04-26,Apex Marketing Group,Seasonal Sale,Google Ads,South America,UAE,34722,2027,6.21,4341.71,1.13,22,73,10.13,9438.87,3.96,Enterprise
2024-04-27,CloudNova,Seasonal Sale,Email,Europe,South Africa,11625,1909,7.11,3362.88,1.12,405,74,7.6,2420.4,2.83,New Customers
2024-04-28,GrowthSpark Marketing,Brand Awareness,Email,Asia,Canada,2629,3086,3.94,2268.02,3.89,230,81,8.0,7418.96,4.18,New Customers
2024-04-29,Apex Marketing Group,Product Launch,Twitter,North America,United States,11973,3421,8.33,2465.11,1.47,171,12,6.77,606.4,6.3,Enterprise
2024-04-30,GrowthSpark Marketing,Product Launch,Email,North America,UAE,7859,4763,2.44,1061.07,3.88,75,128,14.88,12890.65,1.76,SMB
2024-05-01,Apex Marketing Group,Product Launch,Facebook,North America,UAE,42609,2232,4.96,3152.67,1.19,366,70,13.95,17865.58,6.26,SMB
2024-05-02,CloudNova,Email Nurture,Twitter,Europe,France,44307,4725,8.11,1825.78,1.74,58,147,4.96,17709.0,6.12,Enterprise
2024-05-03,ShopNest,Lead Generation,Twitter,Europe,Canada,46450,1220,2.21,4978.44,2.43,249,41,2.12,14020.94,4.55,New Customers
2024-05-04,Apex Marketing Group,Email Nurture,LinkedIn,North America,Canada,37046,539,1.54,2426.91,4.73,487,181,12.68,9368.83,6.99,Enterprise
2024-05-05,GrowthSpark Marketing,Lead Generation,Email,Europe,China,22839,2575,8.89,2455.13,4.67,354,157,14.96,10289.43,1.49,New Customers
2024-05-06,CloudNova,Product Launch,Twitter,Middle East,Japan,28216,1232,3.76,2850.97,1.19,80,198,4.74,2824.68,4.97,Enterprise
2024-05-07,Apex Marketing Group,Product Launch,Facebook,Middle East,South Africa,19945,4529,7.0,4587.94,1.92,39,59,5.69,6886.24,3.87,SMB
2024-05-08,GrowthSpark Marketing,Email Nurture,LinkedIn,Europe,Brazil,7539,4308,0.74,4014.05,0.92,271,89,14.15,3835.79,3.67,Returning Customers
2024-05-09,GrowthSpark Marketing,Email Nurture,Google Ads,North America,Japan,34625,2538,7.06,2283.09,2.65,321,192,10.81,16441.88,2.39,New Customers
2024-05-10,GrowthSpark Marketing,Lead Generation,Twitter,Europe,Singapore,5886,1926,3.5,3607.56,2.41,304,24,4.79,18303.6,3.29,Returning Customers
2024-05-11,Apex Marketing Group,Seasonal Sale,Facebook,Europe,Germany,46713,2512,1.03,2951.87,4.52,125,144,8.93,10784.77,1.31,SMB
2024-05-12,Apex Marketing Group,Lead Generation,Instagram,Europe,Netherlands,8485,1680,6.29,2487.22,4.66,328,180,14.19,14582.5,2.39,Enterprise
2024-05-13,Apex Marketing Group,Email Nurture,Facebook,Asia,Singapore,32455,337,2.79,1001.96,2.04,29,80,12.27,2517.15,2.54,SMB
2024-05-14,ShopNest,Email Nurture,Facebook,Middle East,United States,47448,4332,4.17,2346.48,2.56,436,134,11.26,12209.84,5.91,Returning Customers
2024-05-15,Apex Marketing Group,Brand Awareness,LinkedIn,South America,UAE,17767,1957,1.27,1266.8,4.5,164,165,11.19,14085.54,0.86,SMB
2024-05-16,Apex Marketing Group,Email Nurture,Google Ads,South America,China,48165,1211,1.9,4578.47,4.07,88,132,3.08,9110.09,5.38,SMB
2024-05-17,Apex Marketing Group,Brand Awareness,Instagram,Asia,United States,29453,179,3.33,1710.26,0.22,118,92,12.46,4941.13,2.16,Enterprise
2024-05-18,ShopNest,Seasonal Sale,Email,Europe,UAE,11744,2413,1.35,4763.71,1.74,227,166,4.5,17559.75,1.11,Returning Customers
2024-05-19,Apex Marketing Group,Lead Generation,Email,Asia,Germany,38102,193,9.15,2688.62,2.22,392,169,13.99,14883.88,2.76,Returning Customers
2024-05-20,GrowthSpark Marketing,Lead Generation,Facebook,Asia,Japan,13226,65,0.56,3176.14,1.3,170,92,5.79,18007.16,2.18,Returning Customers
2024-05-21,Apex Marketing Group,Brand Awareness,LinkedIn,North America,Canada,28869,294,5.1,2737.56,1.16,195,81,12.94,16386.21,4.64,New Customers
2024-05-22,GrowthSpark Marketing,Lead Generation,LinkedIn,Middle East,India,23588,976,1.67,690.43,0.38,179,142,4.36,19808.45,3.18,SMB
2024-05-23,GrowthSpark Marketing,Email Nurture,Email,South America,South Africa,14440,3228,3.42,1910.32,3.29,5,71,7.96,3924.24,7.74,Returning Customers
2024-05-24,GrowthSpark Marketing,Product Launch,Instagram,Europe,India,32709,2226,9.3,540.77,1.46,391,179,2.05,1826.28,7.73,SMB
2024-05-25,ShopNest,Brand Awareness,Google Ads,South America,Saudi Arabia,48788,936,2.04,3133.62,0.45,233,65,10.07,6806.36,3.83,Enterprise
2024-05-26,ShopNest,Lead Generation,Instagram,South America,Australia,23495,390,9.68,2262.03,1.31,90,52,12.62,2667.18,6.46,Enterprise
2024-05-27,ShopNest,Brand Awareness,Twitter,Middle East,France,38019,2101,2.46,3901.03,4.05,66,30,10.92,10510.29,0.6,New Customers
2024-05-28,Apex Marketing Group,Brand Awareness,Twitter,South America,Brazil,45948,3448,7.54,1141.33,4.29,324,185,8.09,12697.28,4.61,New Customers
2024-05-29,GrowthSpark Marketing,Product Launch,Google Ads,South America,Germany,49908,4000,5.69,864.6,2.52,405,99,1.15,11607.94,6.07,Enterprise
2024-05-30,ShopNest,Email Nurture,Email,Asia,France,1922,355,8.9,2061.34,2.2,386,158,14.03,5258.88,2.13,Returning Customers
2024-05-31,ShopNest,Brand Awareness,Google Ads,Middle East,Saudi Arabia,28526,957,5.76,4636.6,4.89,210,98,10.73,18185.6,0.96,Enterprise
2024-06-01,Apex Marketing Group,Lead Generation,LinkedIn,North America,Saudi Arabia,8957,2704,5.58,3566.59,1.16,109,42,11.32,521.33,1.67,SMB
2024-06-02,ShopNest,Seasonal Sale,Twitter,Europe,Brazil,49564,3842,2.36,2123.67,1.23,322,139,12.02,7025.47,3.81,New Customers
2024-06-03,Apex Marketing Group,Brand Awareness,Facebook,South America,Netherlands,34998,4092,2.08,2610.5,1.6,295,27,11.34,14407.95,4.3,New Customers
2024-06-04,CloudNova,Brand Awareness,Facebook,Europe,UAE,44395,1421,9.21,466.85,1.03,254,152,6.9,15361.89,3.36,Enterprise
2024-06-05,ShopNest,Product Launch,Email,North America,France,25031,370,3.61,4923.65,2.02,17,167,11.14,8380.76,3.8,Returning Customers
2024-06-06,CloudNova,Email Nurture,LinkedIn,Europe,Japan,11006,4704,4.03,3348.72,4.57,167,72,9.56,436.51,4.03,Returning Customers
2024-06-07,Apex Marketing Group,Seasonal Sale,Instagram,North America,Brazil,38701,4109,7.72,1462.75,3.15,47,18,12.88,12399.07,6.27,SMB
2024-06-08,GrowthSpark Marketing,Lead Generation,LinkedIn,Asia,Saudi Arabia,48063,1181,3.72,2949.75,2.18,390,77,12.14,1355.58,1.29,New Customers
2024-06-09,ShopNest,Seasonal Sale,Facebook,South America,Japan,26939,2628,9.54,591.94,4.69,444,45,1.1,2246.33,6.27,Enterprise
2024-06-10,Apex Marketing Group,Lead Generation,Facebook,North America,Canada,21324,4092,7.51,4830.89,0.43,115,115,5.99,13039.99,5.66,Enterprise
2024-06-11,GrowthSpark Marketing,Email Nurture,Twitter,Europe,China,23867,3417,6.18,915.19,1.21,209,87,1.0,6318.52,6.06,New Customers
2024-06-12,GrowthSpark Marketing,Lead Generation,LinkedIn,South America,Japan,1203,867,8.87,3257.75,2.92,388,140,1.98,7025.8,6.01,Enterprise
2024-06-13,CloudNova,Product Launch,LinkedIn,Asia,UAE,17544,61,0.97,1265.0,3.15,260,177,9.22,9787.46,4.03,New Customers
2024-06-14,Apex Marketing Group,Product Launch,Facebook,South America,India,16899,244,2.94,3601.93,0.39,311,159,13.17,19573.71,2.09,Returning Customers
2024-06-15,GrowthSpark Marketing,Product Launch,Instagram,North America,France,30063,2587,4.92,3895.27,2.13,442,92,2.24,19312.3,4.52,Returning Customers
2024-06-16,ShopNest,Product Launch,Email,Asia,UAE,26344,2892,2.66,3383.43,3.32,148,22,7.04,8383.59,7.68,Enterprise
2024-06-17,ShopNest,Seasonal Sale,Email,Europe,Australia,4748,2279,7.57,3091.77,3.55,150,172,13.71,5383.43,4.91,Returning Customers
2024-06-18,CloudNova,Email Nurture,LinkedIn,Asia,South Africa,40486,3059,9.23,4467.72,3.26,395,92,12.31,6121.58,0.58,Returning Customers
2024-06-19,GrowthSpark Marketing,Lead Generation,Email,Asia,United Kingdom,2093,4801,4.53,439.2,1.74,305,192,8.04,5448.75,0.95,SMB
2024-06-20,Apex Marketing Group,Lead Generation,Facebook,Middle East,Saudi Arabia,16228,2127,3.75,1688.03,0.65,168,77,11.69,10691.69,7.95,New Customers
2024-06-21,ShopNest,Product Launch,Facebook,Asia,South Africa,21884,3917,9.63,1279.02,2.25,173,25,8.08,12176.51,1.04,New Customers
2024-06-22,GrowthSpark Marketing,Product Launch,LinkedIn,Asia,South Africa,26183,4923,4.73,4940.67,0.82,482,108,2.79,9826.71,0.85,Enterprise
2024-06-23,GrowthSpark Marketing,Brand Awareness,LinkedIn,South America,Brazil,17034,493,5.15,1977.48,4.75,302,179,2.31,8219.09,3.15,New Customers
2024-06-24,CloudNova,Email Nurture,Twitter,Europe,Germany,6710,347,3.84,3676.43,2.48,237,135,3.23,4304.57,7.77,SMB
2024-06-25,ShopNest,Seasonal Sale,LinkedIn,South America,Australia,43500,4953,9.14,3439.39,1.72,395,109,5.59,9701.86,2.89,Enterprise
2024-06-26,ShopNest,Lead Generation,Instagram,South America,India,20259,894,5.91,1099.8,3.88,275,134,13.99,6887.94,3.57,Enterprise
2024-06-27,Apex Marketing Group,Brand Awareness,Email,North America,Japan,36959,1065,7.74,1233.04,2.59,64,24,12.1,10877.75,5.26,New Customers
2024-06-28,ShopNest,Brand Awareness,LinkedIn,South America,China,34457,1434,8.21,1442.36,1.69,300,19,6.78,13536.27,0.68,Returning Customers
2024-06-29,Apex Marketing Group,Lead Generation,Google Ads,Middle East,UAE,21143,1447,3.75,2085.08,4.1,471,83,7.65,12702.91,7.23,Returning Customers
2024-06-30,ShopNest,Seasonal Sale,Twitter,Middle East,Canada,3103,603,4.62,1209.91,4.36,239,115,4.35,9303.56,4.4,Returning Customers
2024-07-01,CloudNova,Brand Awareness,Google Ads,North America,United Kingdom,1365,2400,8.56,147.27,3.43,169,9,10.71,11165.44,4.0,Returning Customers
2024-07-02,ShopNest,Brand Awareness,Facebook,Europe,United States,47778,4566,3.95,4403.0,0.43,198,112,12.14,5768.64,6.96,SMB
2024-07-03,Apex Marketing Group,Email Nurture,Email,Europe,Australia,45535,1319,8.04,4829.77,2.92,238,164,3.96,582.38,7.65,Enterprise
2024-07-04,Apex Marketing Group,Seasonal Sale,LinkedIn,South America,South Africa,17103,1310,9.44,1740.77,3.86,372,102,1.11,12537.89,3.68,Returning Customers
2024-07-05,CloudNova,Brand Awareness,Google Ads,South America,China,33510,234,6.42,1725.61,0.86,187,168,9.55,5126.11,1.79,SMB
2024-07-06,ShopNest,Seasonal Sale,Email,South America,United States,25476,4613,7.55,85.1,1.3,337,152,8.66,13412.18,6.62,Enterprise
2024-07-07,ShopNest,Lead Generation,Facebook,Europe,United Kingdom,13742,2460,8.15,3417.24,4.44,236,48,6.33,14965.47,3.52,New Customers
2024-07-08,CloudNova,Product Launch,Instagram,Asia,Germany,13391,4481,8.53,4135.93,0.3,365,191,9.84,18326.96,7.52,New Customers
2024-07-09,ShopNest,Brand Awareness,Twitter,Middle East,Germany,37940,2259,4.25,775.71,3.81,495,69,8.48,19166.64,7.62,SMB
2024-07-10,ShopNest,Email Nurture,Email,Asia,France,29901,3722,0.99,840.35,2.47,111,181,4.13,309.47,1.36,Enterprise
2024-07-11,Apex Marketing Group,Lead Generation,Email,Asia,Singapore,33001,4733,4.32,3960.91,2.34,382,182,6.27,19808.45,7.67,Returning Customers
2024-07-12,ShopNest,Seasonal Sale,Instagram,Europe,United Kingdom,16623,1931,6.9,3100.64,0.23,227,170,6.71,13692.06,3.26,Enterprise
2024-07-13,ShopNest,Lead Generation,Email,Asia,United Kingdom,3378,4346,4.78,272.06,4.13,84,119,13.26,12906.13,5.35,Returning Customers
2024-07-14,CloudNova,Brand Awareness,Facebook,North America,United States,22372,571,7.62,3131.61,1.93,238,45,14.43,402.74,0.76,SMB
2024-07-15,CloudNova,Seasonal Sale,Facebook,South America,China,45799,1937,3.89,1579.14,2.8,385,125,13.45,17238.54,7.17,Returning Customers
2024-07-16,GrowthSpark Marketing,Product Launch,Instagram,North America,UAE,39437,2602,6.53,1875.19,3.45,188,14,10.93,2995.28,5.31,SMB
2024-07-17,Apex Marketing Group,Lead Generation,Twitter,Middle East,Brazil,36503,3859,2.27,3860.17,3.57,432,157,8.98,16762.87,5.33,Enterprise
2024-07-18,ShopNest,Brand Awareness,LinkedIn,South America,Singapore,31746,4933,7.62,4064.13,4.79,189,134,10.49,409.69,7.27,Enterprise
2024-07-19,ShopNest,Email Nurture,Google Ads,Asia,United States,28923,4205,5.68,2031.77,2.75,138,135,14.12,12954.69,4.31,Returning Customers
2024-07-20,GrowthSpark Marketing,Seasonal Sale,LinkedIn,Middle East,Canada,10867,4723,2.44,4738.41,2.12,224,37,4.12,8752.55,3.58,Enterprise
2024-07-21,ShopNest,Lead Generation,Email,South America,South Africa,42258,4466,3.27,2061.99,4.78,292,53,8.26,4095.26,7.0,Returning Customers
2024-07-22,Apex Marketing Group,Lead Generation,Google Ads,Asia,Germany,34724,3529,7.61,3870.59,3.28,368,18,10.5,2240.47,6.07,Enterprise
2024-07-23,GrowthSpark Marketing,Product Launch,Instagram,North America,South Africa,10306,1459,5.08,2445.19,1.63,206,38,10.35,8858.54,7.62,New Customers
2024-07-24,Apex Marketing Group,Product Launch,Instagram,South America,Germany,40391,1744,2.55,4492.79,0.81,374,187,4.16,2553.79,7.55,Returning Customers
2024-07-25,GrowthSpark Marketing,Email Nurture,Twitter,Asia,France,15908,4714,9.69,4543.42,4.24,150,129,9.01,9780.29,3.37,SMB
2024-07-26,GrowthSpark Marketing,Email Nurture,Google Ads,North America,UAE,28081,576,7.29,482.71,1.94,328,196,12.04,12541.82,3.85,New Customers
2024-07-27,CloudNova,Brand Awareness,Facebook,Middle East,Canada,38228,2710,9.59,4685.64,3.37,131,44,7.39,16564.95,2.42,SMB
2024-07-28,Apex Marketing Group,Brand Awareness,Google Ads,Middle East,Germany,24386,2222,4.56,4136.4,2.46,461,47,12.0,13605.12,5.45,Enterprise
2024-07-29,ShopNest,Email Nurture,Email,Middle East,United States,47754,329,5.01,3966.99,1.15,139,35,5.72,1397.48,3.23,New Customers
2024-07-30,ShopNest,Email Nurture,Facebook,Middle East,Canada,46406,3014,9.03,1044.51,3.09,118,60,14.11,6217.91,6.4,Enterprise
2024-07-31,Apex Marketing Group,Seasonal Sale,Instagram,Europe,United States,29302,4027,5.49,4035.34,0.49,268,90,8.24,5830.77,1.41,Returning Customers
2024-08-01,ShopNest,Product Launch,Google Ads,South America,Brazil,20212,2719,7.22,4258.16,2.18,68,52,9.14,18309.15,1.37,SMB
2024-08-02,ShopNest,Brand Awareness,LinkedIn,South America,Brazil,36618,2943,2.9,1481.29,2.82,495,8,0.95,17368.86,2.03,Enterprise
2024-08-03,Apex Marketing Group,Product Launch,Twitter,Europe,South Africa,47067,1801,4.74,4763.69,2.29,139,107,2.97,7465.94,1.13,SMB
2024-08-04,GrowthSpark Marketing,Product Launch,LinkedIn,Asia,Germany,11698,4031,1.67,296.81,3.79,45,169,9.68,1515.99,5.15,SMB
2024-08-05,Apex Marketing Group,Email Nurture,Twitter,Asia,Germany,5594,4819,2.46,792.05,4.17,300,131,6.59,17892.74,1.61,Enterprise
2024-08-06,GrowthSpark Marketing,Seasonal Sale,Email,Middle East,China,26525,2411,0.51,2711.03,3.9,7,197,7.87,17774.98,1.7,Returning Customers
2024-08-07,ShopNest,Lead Generation,LinkedIn,North America,Brazil,15282,4477,0.87,2900.17,0.39,405,142,1.41,17109.45,0.61,SMB
2024-08-08,ShopNest,Seasonal Sale,Google Ads,Asia,UAE,15334,4181,9.78,3243.49,1.13,198,96,12.59,16917.12,6.37,Enterprise
2024-08-09,ShopNest,Seasonal Sale,Google Ads,North America,UAE,30179,1758,2.8,134.0,2.78,467,26,11.88,9657.05,6.59,Returning Customers
2024-08-10,CloudNova,Product Launch,LinkedIn,South America,Australia,7644,2736,6.8,4803.82,4.69,114,111,3.19,3630.89,1.72,Enterprise
2024-08-11,GrowthSpark Marketing,Seasonal Sale,Google Ads,North America,Australia,36618,2945,8.47,270.71,4.21,225,198,9.7,9602.01,6.05,Returning Customers
2024-08-12,CloudNova,Brand Awareness,Email,South America,France,48701,4585,5.73,758.16,4.24,374,123,12.37,9942.5,3.75,SMB
2024-08-13,CloudNova,Product Launch,Facebook,Europe,Brazil,33933,2826,1.95,119.37,1.66,372,186,9.79,9849.64,2.3,New Customers
2024-08-14,Apex Marketing Group,Brand Awareness,Email,Europe,United States,44469,1169,7.42,2855.95,2.26,440,168,5.0,10821.57,5.16,Enterprise
2024-08-15,CloudNova,Lead Generation,Twitter,Middle East,United States,34687,3038,6.2,4664.72,2.46,410,51,10.01,5227.37,1.84,SMB
2024-08-16,Apex Marketing Group,Product Launch,Email,Asia,India,42073,4309,7.45,3346.44,0.96,8,123,3.55,7388.2,6.18,Enterprise
2024-08-17,Apex Marketing Group,Lead Generation,Twitter,Middle East,Canada,18375,4293,7.81,4122.15,0.35,248,5,5.11,8740.31,0.86,Enterprise
2024-08-18,CloudNova,Product Launch,Google Ads,South America,Japan,49483,244,9.77,115.74,4.75,394,77,3.98,2709.31,7.69,Returning Customers
2024-08-19,GrowthSpark Marketing,Email Nurture,Facebook,Middle East,South Africa,31926,712,5.95,2732.98,1.36,170,160,8.58,9161.75,1.04,Enterprise
2024-08-20,GrowthSpark Marketing,Seasonal Sale,Google Ads,North America,Australia,37607,529,3.75,2324.84,1.35,30,1,2.07,16228.35,4.85,Returning Customers
2024-08-21,GrowthSpark Marketing,Email Nurture,Instagram,South America,South Africa,18642,4268,6.66,2519.89,0.6,399,182,14.03,16578.38,7.27,SMB
2024-08-22,GrowthSpark Marketing,Lead Generation,Google Ads,Europe,Germany,24993,1473,1.15,407.46,4.66,478,11,5.34,8290.12,0.59,Enterprise
2024-08-23,GrowthSpark Marketing,Seasonal Sale,Twitter,Asia,France,45386,2758,9.03,3437.96,2.98,21,181,3.68,10424.29,4.24,SMB
2024-08-24,CloudNova,Product Launch,Google Ads,South America,UAE,47287,3225,1.63,2540.94,3.4,220,8,7.7,769.64,3.13,New Customers
2024-08-25,CloudNova,Seasonal Sale,Google Ads,South America,Japan,22188,3864,3.61,3837.49,4.58,96,153,4.52,13521.21,4.85,SMB
2024-08-26,ShopNest,Brand Awareness,Facebook,North America,United Kingdom,33596,2064,8.25,2452.19,1.86,487,168,8.26,8151.66,2.19,Enterprise
2024-08-27,GrowthSpark Marketing,Seasonal Sale,Google Ads,Asia,France,28772,3839,6.17,789.44,3.18,35,32,5.55,8965.01,0.99,New Customers
2024-08-28,CloudNova,Brand Awareness,Facebook,Europe,United Kingdom,31857,4855,4.24,3258.87,0.39,209,28,2.41,17486.09,5.19,Returning Customers
2024-08-29,ShopNest,Seasonal Sale,LinkedIn,South America,Saudi Arabia,11776,2493,5.0,903.31,1.1,423,131,4.36,9290.51,3.63,New Customers
2024-08-30,GrowthSpark Marketing,Brand Awareness,Instagram,South America,Brazil,33835,961,8.62,4368.35,4.19,404,128,6.86,521.73,5.17,Enterprise
2024-08-31,Apex Marketing Group,Lead Generation,Facebook,North America,United Kingdom,10788,3263,3.73,3084.93,3.88,211,62,0.94,4627.07,2.08,Enterprise
2024-09-01,ShopNest,Email Nurture,Twitter,Middle East,United Kingdom,6660,2414,8.76,828.16,1.88,111,27,11.67,9564.85,3.04,SMB
2024-09-02,CloudNova,Product Launch,LinkedIn,Europe,South Africa,5478,3679,1.34,4813.57,2.01,150,45,9.52,8545.49,4.71,Returning Customers
2024-09-03,Apex Marketing Group,Seasonal Sale,Facebook,Asia,Saudi Arabia,9210,3522,7.88,2615.91,2.76,371,105,9.22,17221.37,4.95,Enterprise
2024-09-04,Apex Marketing Group,Email Nurture,Facebook,South America,China,11922,730,8.55,410.85,0.2,105,92,8.42,10888.54,3.29,Enterprise
2024-09-05,Apex Marketing Group,Product Launch,Instagram,South America,Netherlands,37289,4701,2.23,3152.82,1.36,372,25,9.06,13823.75,2.6,Returning Customers
2024-09-06,ShopNest,Product Launch,Twitter,Europe,China,34340,659,4.59,1303.33,1.2,322,189,14.05,9439.53,2.55,Returning Customers
2024-09-07,CloudNova,Brand Awareness,Email,Middle East,China,40850,2206,2.07,4028.28,1.4,372,44,0.62,8849.15,1.81,SMB
2024-09-08,Apex Marketing Group,Lead Generation,Email,South America,Brazil,39163,3916,7.21,4098.22,4.07,245,174,1.19,8981.1,2.94,New Customers
2024-09-09,GrowthSpark Marketing,Lead Generation,Facebook,Europe,Japan,49175,421,5.59,4895.79,1.54,493,142,3.28,8277.34,2.0,Returning Customers
2024-09-10,Apex Marketing Group,Email Nurture,Google Ads,North America,France,19642,665,6.54,2534.25,1.12,415,136,2.93,10817.81,5.25,Enterprise
2024-09-11,Apex Marketing Group,Lead Generation,Twitter,Middle East,France,12094,2303,2.37,2302.04,2.62,251,176,3.13,5083.82,4.77,Returning Customers
2024-09-12,ShopNest,Seasonal Sale,LinkedIn,Asia,Singapore,23423,4992,2.51,3779.7,4.36,167,142,10.24,17832.0,3.37,Enterprise
2024-09-13,ShopNest,Lead Generation,Google Ads,South America,Germany,34418,4188,0.89,705.73,1.36,376,193,7.16,6728.4,2.94,SMB
2024-09-14,CloudNova,Email Nurture,Google Ads,Europe,China,6741,914,3.56,2757.23,0.58,177,80,14.88,3035.72,2.28,New Customers
2024-09-15,GrowthSpark Marketing,Lead Generation,Twitter,North America,Brazil,47049,1318,5.82,2753.93,1.91,39,82,3.79,2021.35,4.52,SMB
2024-09-16,ShopNest,Seasonal Sale,Facebook,Asia,Germany,7838,834,8.65,492.89,3.79,288,135,5.01,367.12,7.39,Returning Customers
2024-09-17,Apex Marketing Group,Brand Awareness,Facebook,Europe,Netherlands,4262,4621,6.84,2119.02,2.84,363,88,14.77,8514.84,5.64,Enterprise
2024-09-18,CloudNova,Email Nurture,Facebook,Europe,Canada,5996,4228,4.64,4273.76,4.12,385,177,12.56,3833.46,6.08,Returning Customers
2024-09-19,Apex Marketing Group,Brand Awareness,Facebook,Asia,Germany,45594,2287,9.55,4287.96,4.81,362,127,7.31,530.79,6.76,Returning Customers
2024-09-20,Apex Marketing Group,Brand Awareness,Email,North America,South Africa,23164,4104,7.33,541.23,4.0,397,55,8.54,10448.39,3.14,Returning Customers
2024-09-21,ShopNest,Brand Awareness,Facebook,North America,South Africa,36595,4945,9.34,499.07,3.1,464,141,12.73,13631.57,0.97,Returning Customers
2024-09-22,CloudNova,Product Launch,Email,Middle East,Japan,31257,985,5.51,1350.34,2.57,403,184,7.47,1806.45,5.17,New Customers
2024-09-23,GrowthSpark Marketing,Product Launch,Email,South America,Australia,15211,4030,2.96,4380.09,0.39,25,56,3.49,9272.32,1.92,Enterprise
2024-09-24,GrowthSpark Marketing,Brand Awareness,Facebook,Asia,United Kingdom,31453,2388,1.0,688.07,4.92,312,15,12.51,14898.21,4.77,Returning Customers
2024-09-25,ShopNest,Email Nurture,Instagram,Asia,China,6232,375,7.4,3613.98,2.04,167,185,8.3,19717.56,6.05,Enterprise
2024-09-26,ShopNest,Seasonal Sale,LinkedIn,Asia,Singapore,3217,1584,1.65,550.77,0.93,494,58,2.72,13377.09,6.38,New Customers
2024-09-27,CloudNova,Seasonal Sale,Google Ads,North America,Saudi Arabia,25229,3530,3.38,3134.53,3.4,101,163,7.83,4972.31,2.76,Enterprise
2024-09-28,GrowthSpark Marketing,Lead Generation,Email,South America,Singapore,15232,3911,5.56,1812.53,1.56,311,88,6.49,14359.42,4.34,Enterprise
2024-09-29,GrowthSpark Marketing,Email Nurture,Twitter,Middle East,Australia,26613,2035,5.86,3955.12,3.01,343,97,13.21,11998.8,5.16,New Customers
2024-09-30,GrowthSpark Marketing,Product Launch,Twitter,Europe,UAE,15026,4982,6.21,1206.77,3.02,59,144,2.33,4314.81,6.65,Returning Customers
2024-10-01,Apex Marketing Group,Brand Awareness,LinkedIn,Europe,Germany,29554,4653,2.08,3214.05,2.34,475,8,13.19,17037.11,6.21,Enterprise
2024-10-02,GrowthSpark Marketing,Lead Generation,Twitter,Asia,Brazil,31908,2828,4.11,1216.63,4.21,337,173,7.93,8605.35,7.91,SMB
2024-10-03,Apex Marketing Group,Seasonal Sale,Instagram,South America,Netherlands,20610,1320,6.36,3582.62,1.47,131,40,6.36,19243.36,0.56,Enterprise
2024-10-04,CloudNova,Product Launch,Twitter,North America,United Kingdom,47646,690,9.71,4374.71,2.35,432,182,2.85,14485.73,3.78,Returning Customers
2024-10-05,Apex Marketing Group,Product Launch,Google Ads,South America,France,40605,4753,7.41,677.67,2.78,197,14,10.66,12926.81,2.42,SMB
2024-10-06,CloudNova,Brand Awareness,Google Ads,South America,United States,8031,4128,9.26,4339.65,3.39,247,187,13.94,14594.22,1.4,Returning Customers
2024-10-07,GrowthSpark Marketing,Seasonal Sale,Email,North America,United Kingdom,48574,4711,7.74,2988.2,3.96,353,53,5.94,9614.13,7.34,Enterprise
2024-10-08,GrowthSpark Marketing,Email Nurture,Facebook,Asia,Netherlands,26515,1417,6.12,679.2,2.1,92,127,4.0,10154.01,7.98,New Customers
2024-10-09,CloudNova,Product Launch,Instagram,South America,Japan,37484,4092,2.32,2166.33,3.3,340,155,8.55,17039.03,1.85,Returning Customers
2024-10-10,ShopNest,Brand Awareness,Email,Europe,UAE,37182,2625,6.83,846.26,0.92,413,175,12.04,13650.48,0.79,Returning Customers
2024-10-11,CloudNova,Email Nurture,Instagram,North America,Japan,1570,3653,6.42,3516.72,4.68,219,80,0.55,17955.14,2.56,New Customers
2024-10-12,ShopNest,Seasonal Sale,Facebook,Middle East,Netherlands,33254,1631,6.22,3806.4,2.04,96,115,9.65,17827.45,6.76,Enterprise
2024-10-13,Apex Marketing Group,Product Launch,Twitter,Asia,South Africa,20288,2036,5.15,573.69,3.7,307,134,9.15,19532.15,2.7,Returning Customers
2024-10-14,Apex Marketing Group,Email Nurture,Twitter,North America,Germany,14288,2290,5.52,2555.39,0.3,468,55,5.11,14034.27,0.93,Enterprise
2024-10-15,Apex Marketing Group,Email Nurture,Facebook,Middle East,Canada,30877,4016,3.68,4082.39,1.18,239,44,7.05,10095.8,0.89,Enterprise
2024-10-16,GrowthSpark Marketing,Email Nurture,Email,Middle East,South Africa,19889,2155,5.43,4684.01,2.54,188,18,4.08,3409.6,3.71,Enterprise
2024-10-17,Apex Marketing Group,Product Launch,Facebook,South America,Japan,1917,178,2.38,2591.91,4.42,42,16,11.95,14137.07,7.49,New Customers
2024-10-18,ShopNest,Product Launch,LinkedIn,South America,Japan,11066,4851,8.15,4753.88,2.73,143,12,9.7,5902.4,2.64,Enterprise
2024-10-19,Apex Marketing Group,Lead Generation,Google Ads,South America,Brazil,30504,4046,2.26,2701.66,4.66,199,148,8.22,5730.66,3.7,Enterprise
2024-10-20,CloudNova,Seasonal Sale,Email,North America,Germany,7982,901,1.31,2001.24,2.52,19,45,6.19,4841.93,1.26,SMB
2024-10-21,CloudNova,Brand Awareness,Instagram,North America,United Kingdom,40104,4153,4.64,4248.61,2.55,261,192,4.73,17514.93,4.2,SMB
2024-10-22,GrowthSpark Marketing,Email Nurture,LinkedIn,Asia,Canada,19062,2126,6.75,2490.26,0.77,139,187,12.43,17372.49,5.72,SMB
2024-10-23,CloudNova,Lead Generation,Email,South America,Australia,17999,3044,4.66,2385.92,4.05,5,93,7.05,12656.31,2.53,Returning Customers
2024-10-24,ShopNest,Brand Awareness,Facebook,Middle East,United States,10941,3794,3.13,2477.05,1.39,53,22,7.77,9512.32,2.73,Returning Customers
2024-10-25,Apex Marketing Group,Lead Generation,Facebook,Europe,China,24470,2806,5.8,4241.59,4.52,100,97,8.05,13475.08,6.81,SMB
2024-10-26,GrowthSpark Marketing,Product Launch,Facebook,Asia,France,46148,1694,3.8,4168.11,4.57,205,47,7.0,12183.87,0.58,New Customers
2024-10-27,Apex Marketing Group,Email Nurture,Facebook,North America,Japan,22133,4421,9.36,2047.42,4.73,417,29,4.21,8373.11,5.27,New Customers
2024-10-28,Apex Marketing Group,Brand Awareness,Instagram,Asia,Germany,45435,3194,9.27,1699.83,2.7,30,45,2.24,7654.65,3.45,SMB
2024-10-29,ShopNest,Brand Awareness,LinkedIn,Asia,China,5529,292,5.27,2485.04,3.45,347,77,1.93,7717.61,2.74,Returning Customers
2024-10-30,CloudNova,Brand Awareness,Twitter,Asia,South Africa,18519,4135,3.61,2885.22,3.94,433,9,11.48,11823.75,5.43,Returning Customers
2024-10-31,CloudNova,Brand Awareness,Google Ads,Asia,France,13192,220,7.5,1229.77,0.83,239,24,3.74,12988.62,6.76,New Customers
2024-11-01,Apex Marketing Group,Brand Awareness,Instagram,Europe,Netherlands,9566,702,0.85,3980.08,3.08,353,15,1.31,9089.66,4.69,Enterprise
2024-11-02,GrowthSpark Marketing,Lead Generation,Instagram,South America,Singapore,8226,3562,5.01,2458.09,0.36,248,164,12.06,19376.96,0.73,New Customers
2024-11-03,CloudNova,Email Nurture,Twitter,Middle East,France,38930,1549,3.7,1703.53,2.59,362,13,2.73,1768.53,3.96,Enterprise
2024-11-04,GrowthSpark Marketing,Product Launch,Twitter,Asia,Singapore,22259,2149,9.25,578.76,0.94,485,91,9.56,7006.24,3.97,Returning Customers
2024-11-05,CloudNova,Product Launch,Google Ads,Asia,Australia,35087,2208,0.61,1232.28,1.08,331,172,5.41,8439.59,4.58,Returning Customers
2024-11-06,GrowthSpark Marketing,Product Launch,Google Ads,Asia,Australia,2141,2022,5.75,4748.94,1.95,400,101,2.33,436.73,5.53,SMB
2024-11-07,ShopNest,Product Launch,Twitter,South America,South Africa,5627,3975,7.54,1560.24,2.28,355,71,6.51,7362.65,0.64,Returning Customers
2024-11-08,GrowthSpark Marketing,Lead Generation,Facebook,North America,Australia,48269,2308,5.11,885.85,3.19,420,122,0.71,5546.83,4.27,Enterprise
2024-11-09,ShopNest,Seasonal Sale,Instagram,North America,Saudi Arabia,3690,4089,1.31,2330.33,0.56,378,76,12.7,10170.12,4.91,New Customers
2024-11-10,ShopNest,Email Nurture,Email,Europe,India,41091,2085,9.74,1570.08,2.62,408,164,7.95,6794.57,3.08,SMB
2024-11-11,GrowthSpark Marketing,Brand Awareness,Google Ads,North America,India,4255,3321,5.42,224.04,1.08,379,116,2.52,14551.02,5.51,Enterprise
2024-11-12,ShopNest,Seasonal Sale,Google Ads,Asia,France,6213,907,6.33,1649.57,2.96,55,61,3.94,10247.66,2.21,New Customers
2024-11-13,Apex Marketing Group,Product Launch,Twitter,Asia,Australia,37876,3873,2.75,2743.34,3.26,85,168,7.0,2682.27,2.88,New Customers
2024-11-14,ShopNest,Seasonal Sale,LinkedIn,Asia,Brazil,20404,1099,5.09,2780.98,2.87,40,126,3.24,15026.22,7.72,New Customers
2024-11-15,CloudNova,Email Nurture,Email,Europe,Japan,26380,4040,4.58,1814.97,3.74,71,155,4.39,2074.66,3.11,Returning Customers
2024-11-16,GrowthSpark Marketing,Brand Awareness,Email,Asia,China,26520,348,1.21,2264.15,1.81,133,1,8.25,16797.08,3.1,New Customers
2024-11-17,Apex Marketing Group,Brand Awareness,Google Ads,North America,China,20173,973,1.51,4829.31,3.87,374,162,12.57,18635.3,4.97,Returning Customers
2024-11-18,GrowthSpark Marketing,Email Nurture,Facebook,South America,India,24989,4282,8.46,1917.87,2.28,159,68,6.33,6516.66,7.78,New Customers
2024-11-19,CloudNova,Email Nurture,LinkedIn,South America,France,43570,4356,2.78,1328.22,2.52,249,88,10.9,18530.24,7.87,New Customers
2024-11-20,CloudNova,Product Launch,Email,Middle East,South Africa,25519,2849,2.35,1255.16,3.31,115,21,13.21,15880.86,4.85,Returning Customers
2024-11-21,CloudNova,Brand Awareness,Google Ads,North America,Germany,23439,4925,5.3,2315.93,0.29,172,161,3.64,18456.47,0.51,Returning Customers
2024-11-22,ShopNest,Seasonal Sale,Email,Asia,United Kingdom,12413,4112,7.8,3809.62,3.34,485,135,12.2,13358.78,7.25,Enterprise
2024-11-23,ShopNest,Lead Generation,LinkedIn,South America,United Kingdom,15995,4095,1.09,1069.64,3.17,472,193,11.48,4789.32,4.78,New Customers
2024-11-24,GrowthSpark Marketing,Lead Generation,LinkedIn,North America,India,24559,1852,5.98,3561.02,1.69,146,3,5.68,17901.01,3.24,Returning Customers
2024-11-25,GrowthSpark Marketing,Email Nurture,Instagram,South America,Netherlands,46351,2763,1.63,154.69,0.61,360,51,14.85,3766.88,6.72,Enterprise
2024-11-26,Apex Marketing Group,Product Launch,Twitter,Asia,Germany,24513,4556,0.85,2123.72,0.64,201,79,4.31,4339.9,3.5,Enterprise
2024-11-27,Apex Marketing Group,Lead Generation,Twitter,South America,Saudi Arabia,6021,2903,1.0,3890.53,4.63,475,95,4.19,5494.15,0.76,Returning Customers
2024-11-28,GrowthSpark Marketing,Brand Awareness,Google Ads,Middle East,Saudi Arabia,33464,2707,8.42,1726.73,3.51,113,182,11.7,6154.5,6.66,New Customers
2024-11-29,ShopNest,Email Nurture,LinkedIn,Middle East,India,22119,4572,1.62,2840.5,0.81,380,123,6.8,10338.14,4.59,Enterprise
2024-11-30,CloudNova,Seasonal Sale,Instagram,South America,United Kingdom,30299,3396,0.93,1064.65,1.91,83,187,5.3,14297.8,3.04,New Customers
2024-12-01,GrowthSpark Marketing,Email Nurture,Instagram,North America,Netherlands,40350,1521,4.66,3722.88,3.04,394,6,3.09,18531.54,2.38,New Customers
2024-12-02,Apex Marketing Group,Seasonal Sale,Email,North America,Germany,47223,2999,8.52,308.78,4.21,165,157,11.6,1859.91,4.95,Enterprise
2024-12-03,ShopNest,Email Nurture,Email,North America,Netherlands,26517,991,2.99,4270.09,0.41,443,17,11.9,19091.95,2.06,Returning Customers
2024-12-04,GrowthSpark Marketing,Email Nurture,Instagram,South America,Australia,14117,1957,4.51,1031.07,1.34,23,117,8.72,18434.33,2.93,New Customers
2024-12-05,GrowthSpark Marketing,Email Nurture,Email,North America,France,23250,4887,0.88,4378.27,4.47,131,60,14.38,1174.59,5.27,SMB
2024-12-06,ShopNest,Seasonal Sale,LinkedIn,Asia,South Africa,19950,1293,4.77,1795.02,0.24,209,150,5.11,7270.39,7.11,Returning Customers
2024-12-07,GrowthSpark Marketing,Seasonal Sale,Facebook,Middle East,China,18359,4473,5.99,3627.28,1.17,33,152,3.68,16281.55,4.5,Enterprise
2024-12-08,ShopNest,Email Nurture,LinkedIn,Asia,Brazil,24596,1516,5.92,1630.17,4.8,449,125,10.32,12270.37,6.19,SMB
2024-12-09,CloudNova,Lead Generation,Instagram,North America,Canada,26530,4007,3.66,4534.26,3.14,458,81,11.5,15603.97,6.22,New Customers
2024-12-10,ShopNest,Product Launch,Instagram,Asia,Singapore,2262,2016,3.5,676.85,1.46,211,85,3.76,14408.76,5.48,Returning Customers
2024-12-11,ShopNest,Product Launch,LinkedIn,North America,Singapore,41150,425,1.51,933.67,0.52,468,51,1.61,9985.73,2.34,SMB
2024-12-12,ShopNest,Product Launch,Email,South America,France,23615,312,3.98,2490.5,0.34,284,178,12.25,920.24,7.0,Returning Customers
2024-12-13,GrowthSpark Marketing,Seasonal Sale,Email,Asia,Australia,4327,4412,1.45,455.6,1.37,155,139,14.66,11726.94,3.77,New Customers
2024-12-14,GrowthSpark Marketing,Seasonal Sale,Twitter,South America,UAE,30768,3438,7.78,1020.1,4.43,244,184,9.85,1066.48,0.83,Returning Customers
2024-12-15,ShopNest,Lead Generation,Instagram,South America,United Kingdom,29850,3445,9.68,4721.64,2.2,270,71,4.53,12114.16,2.33,SMB
2024-12-16,GrowthSpark Marketing,Product Launch,Google Ads,Europe,Singapore,43788,1994,9.72,4883.62,3.66,186,170,14.95,16028.18,6.24,Returning Customers
2024-12-17,Apex Marketing Group,Product Launch,Twitter,North America,Australia,17848,1943,8.72,1912.48,4.61,109,39,13.45,11741.34,1.02,Enterprise
2024-12-18,Apex Marketing Group,Email Nurture,Email,Middle East,Singapore,47830,3684,6.21,4620.27,2.16,429,69,7.94,19940.73,1.61,Enterprise
2024-12-19,GrowthSpark Marketing,Seasonal Sale,LinkedIn,North America,UAE,40542,1702,7.16,2746.88,1.12,437,48,12.47,9171.74,5.71,SMB
2024-12-20,GrowthSpark Marketing,Product Launch,Email,Middle East,Netherlands,16160,4191,3.21,1385.23,2.68,405,125,12.33,15001.67,7.19,Returning Customers
2024-12-21,ShopNest,Lead Generation,LinkedIn,North America,India,34998,3942,6.49,3526.87,4.56,444,57,14.05,13377.54,5.25,SMB
2024-12-22,CloudNova,Lead Generation,Twitter,South America,Germany,28230,649,4.83,3311.56,4.06,240,21,12.69,19829.49,2.17,Returning Customers
2024-12-23,GrowthSpark Marketing,Product Launch,Instagram,Asia,China,10076,4865,5.08,4946.17,0.52,177,82,9.83,14293.06,0.9,New Customers
2024-12-24,Apex Marketing Group,Seasonal Sale,Email,Asia,Japan,4805,1962,7.7,1361.98,3.52,162,99,9.33,3364.21,5.11,Enterprise
2024-12-25,ShopNest,Lead Generation,LinkedIn,Europe,India,32085,1342,3.18,3376.69,2.95,176,148,7.28,19114.8,0.86,New Customers
2024-12-26,GrowthSpark Marketing,Email Nurture,Instagram,Middle East,France,15715,650,3.52,307.52,4.56,498,15,9.58,13388.77,5.1,Returning Customers
2024-12-27,Apex Marketing Group,Lead Generation,Google Ads,Middle East,India,6750,430,9.28,612.55,0.79,462,69,12.03,1280.83,2.19,New Customers
2024-12-28,Apex Marketing Group,Brand Awareness,LinkedIn,Middle East,France,49395,4263,1.03,69.4,2.76,315,179,14.55,13185.61,7.28,SMB
2024-12-29,CloudNova,Brand Awareness,Twitter,South America,Japan,14232,3687,5.11,4997.33,4.42,407,76,7.28,17674.08,4.06,SMB
2024-12-30,ShopNest,Seasonal Sale,Google Ads,Middle East,United States,36903,2213,9.17,4021.25,2.17,161,62,8.82,11583.13,2.18,Returning Customers
2024-12-31,ShopNest,Product Launch,Google Ads,Asia,UAE,7953,4405,6.3,3944.28,2.51,262,119,6.95,7144.99,6.9,Enterprise
2025-01-01,CloudNova,Seasonal Sale,Facebook,South America,China,33093,1148,5.69,2573.14,0.54,168,37,10.19,16436.1,2.41,SMB
2025-01-02,CloudNova,Seasonal Sale,Email,North America,Netherlands,26500,415,2.87,1535.33,1.54,151,134,9.63,15671.99,2.8,Enterprise
2025-01-03,ShopNest,Seasonal Sale,LinkedIn,Middle East,Brazil,23418,2620,3.76,798.76,1.76,395,199,0.76,10929.22,6.76,Returning Customers
2025-01-04,ShopNest,Seasonal Sale,Google Ads,Middle East,Brazil,35314,3469,8.59,1459.14,4.74,158,26,8.35,3171.8,2.82,Enterprise
2025-01-05,GrowthSpark Marketing,Email Nurture,Facebook,North America,UAE,49225,2526,5.81,1911.06,1.56,467,8,1.78,5094.63,3.58,Returning Customers
2025-01-06,GrowthSpark Marketing,Email Nurture,Twitter,Middle East,Canada,23449,840,5.39,3793.73,2.41,371,4,0.88,14795.83,3.11,New Customers
2025-01-07,CloudNova,Lead Generation,Instagram,North America,Netherlands,18478,3619,1.45,2721.33,3.42,42,21,11.97,16141.04,1.37,Returning Customers
2025-01-08,GrowthSpark Marketing,Brand Awareness,LinkedIn,South America,Singapore,36179,796,0.65,433.54,0.98,135,159,4.25,5657.38,0.79,New Customers
2025-01-09,Apex Marketing Group,Seasonal Sale,Google Ads,Asia,Australia,47881,362,9.66,139.24,2.53,362,149,5.44,7422.9,5.93,Returning Customers
2025-01-10,GrowthSpark Marketing,Lead Generation,Email,North America,United States,26338,4683,4.08,556.54,3.74,259,25,1.43,1644.87,5.34,SMB
2025-01-11,GrowthSpark Marketing,Brand Awareness,Facebook,Europe,UAE,27899,970,6.23,2081.97,4.36,212,143,3.1,14297.89,2.62,SMB
2025-01-12,Apex Marketing Group,Product Launch,Google Ads,North America,Brazil,5145,1127,1.26,4669.3,3.21,454,163,11.6,171.19,2.72,Enterprise
2025-01-13,CloudNova,Email Nurture,Email,Middle East,India,33101,2879,6.99,3205.14,3.41,99,177,7.66,1026.18,7.59,Returning Customers
2025-01-14,Apex Marketing Group,Brand Awareness,Google Ads,South America,Australia,3775,2431,9.36,4019.04,0.81,352,43,13.27,186.45,7.91,Returning Customers
2025-01-15,GrowthSpark Marketing,Product Launch,LinkedIn,South America,United States,46961,3668,5.97,2358.55,4.74,331,169,6.26,12941.86,4.05,Returning Customers
2025-01-16,CloudNova,Brand Awareness,LinkedIn,North America,Germany,32647,847,1.7,1840.25,0.84,482,37,4.4,8406.0,6.52,Enterprise
2025-01-17,GrowthSpark Marketing,Email Nurture,LinkedIn,Asia,Germany,46619,4493,6.03,586.58,3.92,175,185,5.54,6021.18,6.03,SMB
2025-01-18,Apex Marketing Group,Email Nurture,Twitter,Europe,Netherlands,46838,322,7.78,4385.87,1.47,254,42,10.84,18262.75,2.73,Returning Customers
2025-01-19,Apex Marketing Group,Lead Generation,Twitter,South America,Australia,20539,3060,4.36,3926.64,4.68,194,175,8.55,3936.78,0.94,Enterprise
2025-01-20,GrowthSpark Marketing,Seasonal Sale,Facebook,Middle East,UAE,37738,4865,8.86,882.18,3.66,203,92,13.61,7848.42,1.57,Returning Customers
2025-01-21,ShopNest,Brand Awareness,LinkedIn,Middle East,France,27616,1823,6.66,2585.69,3.82,488,61,9.23,18812.2,6.79,New Customers
2025-01-22,ShopNest,Brand Awareness,Email,Asia,France,15119,2597,9.04,2462.51,1.25,225,142,7.65,8599.42,5.98,Returning Customers
2025-01-23,Apex Marketing Group,Product Launch,Google Ads,South America,India,26159,3214,6.42,3144.2,2.33,28,68,11.89,11138.4,5.48,New Customers
2025-01-24,Apex Marketing Group,Email Nurture,Instagram,North America,United States,38099,4830,1.75,4733.63,3.17,248,53,14.24,1698.7,1.48,Enterprise
2025-01-25,ShopNest,Brand Awareness,Email,Middle East,United States,11295,4767,3.44,2919.87,3.9,427,84,5.66,15824.31,5.3,Enterprise
2025-01-26,ShopNest,Email Nurture,Twitter,Asia,Netherlands,35710,996,2.42,2724.08,0.7,328,34,4.12,8512.9,6.29,SMB
2025-01-27,GrowthSpark Marketing,Brand Awareness,Twitter,South America,Australia,25685,2715,9.13,299.1,4.82,132,76,9.44,16030.25,6.95,Returning Customers
2025-01-28,GrowthSpark Marketing,Lead Generation,Email,South America,United Kingdom,26479,556,7.72,361.39,4.47,97,97,7.73,5150.57,0.6,Enterprise
2025-01-29,ShopNest,Seasonal Sale,Twitter,South America,Germany,47172,293,6.93,977.37,1.5,304,152,14.84,8507.33,5.63,SMB
2025-01-30,GrowthSpark Marketing,Brand Awareness,LinkedIn,South America,United States,34629,555,3.36,210.73,4.15,137,148,7.2,15752.32,0.64,Returning Customers
2025-01-31,GrowthSpark Marketing,Email Nurture,Facebook,South America,Australia,43043,4567,2.25,3729.6,2.69,59,197,1.58,19480.17,5.8,Enterprise
2025-02-01,CloudNova,Lead Generation,Google Ads,Middle East,Netherlands,18033,3208,7.69,3630.49,2.42,481,30,14.67,1286.55,5.27,New Customers
2025-02-02,GrowthSpark Marketing,Brand Awareness,Facebook,Asia,Japan,37902,3640,5.0,723.48,1.71,162,88,12.73,16267.88,1.61,Enterprise
2025-02-03,Apex Marketing Group,Product Launch,Google Ads,South America,Canada,45571,1922,2.65,4188.59,2.99,33,7,3.08,6083.71,6.25,New Customers
2025-02-04,GrowthSpark Marketing,Seasonal Sale,Google Ads,Europe,Japan,16408,3843,6.36,816.19,3.7,414,36,13.62,11059.79,1.01,SMB
2025-02-05,GrowthSpark Marketing,Brand Awareness,Facebook,Europe,Netherlands,18420,1242,0.88,1540.82,2.17,215,38,5.44,5872.84,6.7,SMB
2025-02-06,ShopNest,Lead Generation,Email,Asia,China,17351,4475,3.6,1282.44,3.22,158,52,5.97,12307.56,2.46,Returning Customers
2025-02-07,Apex Marketing Group,Product Launch,Google Ads,North America,UAE,5131,4795,4.95,1892.92,3.56,297,143,13.64,7140.68,5.67,Returning Customers
2025-02-08,GrowthSpark Marketing,Lead Generation,Facebook,North America,India,45825,1514,1.91,1310.59,3.61,479,174,8.19,6738.94,7.43,Returning Customers
2025-02-09,GrowthSpark Marketing,Lead Generation,Google Ads,North America,United States,12349,440,9.85,2470.31,0.45,226,151,2.5,854.97,3.05,SMB
2025-02-10,CloudNova,Product Launch,Instagram,Europe,Netherlands,45254,4526,2.49,2066.67,4.33,119,140,5.85,3024.51,4.27,New Customers
2025-02-11,GrowthSpark Marketing,Lead Generation,Email,North America,China,39225,3427,1.74,4933.52,2.4,441,172,10.97,18349.86,3.97,Returning Customers
2025-02-12,GrowthSpark Marketing,Product Launch,LinkedIn,Middle East,Brazil,39847,4887,2.43,326.84,1.46,162,143,3.03,19965.72,1.68,Returning Customers
2025-02-13,CloudNova,Brand Awareness,Google Ads,South America,China,13453,4965,7.81,753.8,1.36,263,93,9.06,15632.36,4.93,SMB
2025-02-14,ShopNest,Product Launch,Instagram,Europe,South Africa,19814,722,4.54,311.49,2.52,255,107,10.58,5807.57,6.07,New Customers
2025-02-15,GrowthSpark Marketing,Product Launch,LinkedIn,Asia,Singapore,19263,2610,5.87,3147.91,4.46,126,126,5.49,8108.66,7.38,Enterprise
2025-02-16,CloudNova,Seasonal Sale,LinkedIn,Asia,Australia,13158,1261,0.7,319.82,2.02,303,49,10.56,14816.12,6.88,Returning Customers
2025-02-17,Apex Marketing Group,Product Launch,Google Ads,South America,United States,16735,979,0.83,4190.38,3.8,267,21,13.32,19373.42,4.33,Enterprise
2025-02-18,ShopNest,Product Launch,Facebook,Europe,Canada,16830,1589,4.74,2584.1,0.66,385,15,7.35,9163.88,5.89,Enterprise
2025-02-19,Apex Marketing Group,Brand Awareness,Google Ads,North America,UAE,48893,962,8.26,2658.69,2.49,53,14,6.05,16607.5,6.51,Returning Customers
2025-02-20,Apex Marketing Group,Seasonal Sale,Instagram,North America,Australia,45673,693,8.91,2829.89,4.96,381,42,4.14,19503.87,4.2,SMB
2025-02-21,CloudNova,Email Nurture,LinkedIn,Middle East,South Africa,24926,4572,1.32,895.53,3.9,333,15,9.26,17482.12,1.37,Returning Customers
2025-02-22,GrowthSpark Marketing,Brand Awareness,Google Ads,Middle East,Australia,46066,551,5.61,1028.57,1.21,301,63,13.26,4620.28,3.78,New Customers
2025-02-23,CloudNova,Brand Awareness,Facebook,North America,South Africa,35779,779,9.18,1628.15,2.61,366,196,5.21,259.83,6.82,New Customers
2025-02-24,CloudNova,Email Nurture,Google Ads,Asia,India,4373,1333,4.19,2987.81,1.32,81,27,6.25,9892.43,4.97,Returning Customers
2025-02-25,CloudNova,Product Launch,Email,Asia,India,11335,2168,8.38,1090.08,2.17,467,93,6.4,10674.08,5.93,Enterprise
2025-02-26,CloudNova,Lead Generation,Facebook,Middle East,Germany,24741,4602,1.77,625.84,3.94,442,105,8.63,4104.88,1.89,New Customers
2025-02-27,ShopNest,Seasonal Sale,Instagram,South America,Germany,11692,4436,9.39,4852.08,3.9,131,53,3.81,5765.02,7.73,New Customers
2025-02-28,GrowthSpark Marketing,Lead Generation,LinkedIn,North America,France,48295,3886,7.64,158.81,1.29,201,52,12.42,15326.55,3.53,Returning Customers
2025-03-01,Apex Marketing Group,Email Nurture,Google Ads,Middle East,United Kingdom,46541,969,9.44,4023.35,4.63,225,63,4.79,9459.91,5.4,Returning Customers
2025-03-02,Apex Marketing Group,Brand Awareness,Facebook,Middle East,United States,35057,4100,6.93,3950.77,3.04,487,181,10.73,6415.35,0.64,SMB
2025-03-03,GrowthSpark Marketing,Brand Awareness,Email,North America,Netherlands,2447,2389,3.95,1521.21,2.02,95,57,7.94,12490.26,1.45,Returning Customers
2025-03-04,Apex Marketing Group,Seasonal Sale,Facebook,North America,United States,20583,805,9.41,721.35,2.61,415,120,9.0,13089.92,6.37,Returning Customers
2025-03-05,GrowthSpark Marketing,Brand Awareness,Twitter,Asia,Saudi Arabia,23765,1919,3.12,770.86,3.1,12,52,3.1,15410.98,7.76,New Customers
2025-03-06,Apex Marketing Group,Brand Awareness,Email,South America,Netherlands,24906,4522,3.66,3502.29,2.89,36,107,11.16,3218.51,2.9,New Customers
2025-03-07,CloudNova,Seasonal Sale,Instagram,South America,South Africa,20567,557,7.16,3231.89,2.53,472,43,3.23,14856.19,0.78,New Customers
2025-03-08,Apex Marketing Group,Seasonal Sale,LinkedIn,North America,China,15139,1486,7.77,3924.59,2.62,324,135,2.15,12028.63,3.21,Enterprise
2025-03-09,GrowthSpark Marketing,Email Nurture,Instagram,Europe,United States,47525,2625,9.33,4690.53,1.05,398,117,8.43,1245.68,0.63,New Customers
2025-03-10,GrowthSpark Marketing,Brand Awareness,Google Ads,Middle East,United States,39230,3476,2.45,3475.04,4.1,273,170,10.78,15571.17,1.94,New Customers
2025-03-11,GrowthSpark Marketing,Brand Awareness,Facebook,Middle East,United Kingdom,20520,608,8.08,821.47,2.8,195,4,1.23,7723.3,6.14,Returning Customers
2025-03-12,GrowthSpark Marketing,Email Nurture,Twitter,North America,Brazil,20702,3152,7.52,1255.04,0.83,353,197,1.51,6674.58,7.53,SMB
2025-03-13,GrowthSpark Marketing,Product Launch,Email,Europe,Netherlands,26566,4566,1.11,4218.86,3.88,167,133,12.14,9016.7,1.16,New Customers
2025-03-14,ShopNest,Product Launch,Email,Asia,Germany,8657,3672,4.18,1086.07,4.68,65,80,12.23,6988.88,4.68,SMB
2025-03-15,ShopNest,Product Launch,Facebook,North America,Germany,38688,4449,3.19,408.99,4.75,442,41,4.06,6831.88,2.4,New Customers
2025-03-16,Apex Marketing Group,Email Nurture,Twitter,North America,Canada,31134,4107,3.39,3531.24,1.97,268,132,9.42,16180.75,1.54,New Customers
2025-03-17,GrowthSpark Marketing,Brand Awareness,Facebook,Middle East,United States,11345,3765,9.84,2042.51,0.85,289,2,6.93,2577.65,2.14,SMB
2025-03-18,Apex Marketing Group,Email Nurture,Google Ads,North America,United Kingdom,42185,1351,6.61,4604.2,2.69,99,195,9.67,19414.94,4.83,Returning Customers
2025-03-19,GrowthSpark Marketing,Email Nurture,Instagram,North America,UAE,28413,2205,7.32,3268.76,0.74,45,149,13.01,11143.14,0.99,New Customers
2025-03-20,GrowthSpark Marketing,Product Launch,Email,North America,Germany,6208,742,9.78,497.57,4.68,418,198,1.66,3740.19,3.76,SMB
2025-03-21,ShopNest,Lead Generation,Google Ads,Middle East,United Kingdom,34455,4400,4.08,4741.89,1.08,474,43,11.78,2711.19,1.51,New Customers
2025-03-22,ShopNest,Brand Awareness,Instagram,Asia,Japan,29018,1528,8.12,1329.86,1.41,153,82,7.65,11871.04,2.55,Enterprise
2025-03-23,CloudNova,Product Launch,Google Ads,Asia,Singapore,46991,306,4.63,1719.2,2.15,208,108,8.68,12696.69,1.93,Enterprise
2025-03-24,ShopNest,Lead Generation,Twitter,North America,Brazil,9080,2480,8.76,2041.19,2.04,271,197,9.98,1155.21,7.12,Enterprise
2025-03-25,CloudNova,Lead Generation,Email,Middle East,United States,22902,491,2.22,303.56,4.01,6,137,13.88,4935.74,5.81,Enterprise
2025-03-26,CloudNova,Seasonal Sale,Facebook,Asia,Singapore,10486,1931,9.5,2507.75,2.39,182,156,1.32,15929.69,7.01,Returning Customers
2025-03-27,CloudNova,Brand Awareness,Facebook,Asia,Canada,39862,2696,2.58,660.43,1.02,429,26,0.93,1087.53,3.38,Enterprise
2025-03-28,CloudNova,Lead Generation,Instagram,Asia,South Africa,22158,3870,3.6,2034.8,1.48,198,82,3.08,17116.26,2.85,SMB
2025-03-29,CloudNova,Product Launch,LinkedIn,Middle East,China,41460,4727,7.68,1786.01,2.64,486,83,14.8,13197.43,3.35,New Customers
2025-03-30,Apex Marketing Group,Seasonal Sale,Twitter,Middle East,Germany,44856,1785,4.24,3875.56,0.91,391,131,10.87,8745.02,0.64,SMB
2025-03-31,ShopNest,Brand Awareness,Instagram,North America,Japan,36871,3785,6.28,4025.69,3.14,340,73,9.41,6994.01,5.94,Enterprise
2025-04-01,CloudNova,Email Nurture,LinkedIn,South America,UAE,36208,2695,4.72,809.39,2.92,439,100,1.18,483.05,3.12,Returning Customers
2025-04-02,GrowthSpark Marketing,Product Launch,Google Ads,Asia,South Africa,21519,68,7.55,1864.43,3.63,200,49,13.25,16521.78,2.85,Enterprise
2025-04-03,ShopNest,Lead Generation,Twitter,South America,United Kingdom,32379,1174,2.67,1898.1,4.7,347,145,12.28,2940.16,4.99,Enterprise
2025-04-04,ShopNest,Lead Generation,Google Ads,Middle East,India,29378,4035,1.06,799.48,4.58,253,63,10.14,6259.89,3.77,Returning Customers
2025-04-05,CloudNova,Product Launch,Email,Middle East,Australia,40892,2704,3.35,4002.34,4.74,216,55,5.42,11425.23,7.86,Returning Customers
2025-04-06,Apex Marketing Group,Lead Generation,Twitter,Middle East,United States,15031,2130,5.01,3550.78,1.37,157,151,1.52,4995.25,3.17,Returning Customers
2025-04-07,CloudNova,Seasonal Sale,LinkedIn,South America,United States,15536,1597,2.1,992.39,0.83,162,34,8.91,9993.1,5.1,Returning Customers
2025-04-08,Apex Marketing Group,Brand Awareness,Email,Middle East,Japan,1446,911,3.87,1865.27,1.65,470,105,10.94,16205.92,2.84,Returning Customers
2025-04-09,GrowthSpark Marketing,Seasonal Sale,Facebook,North America,United Kingdom,37683,204,4.3,573.73,4.5,366,105,1.87,9463.7,7.93,Returning Customers
2025-04-10,ShopNest,Lead Generation,LinkedIn,Middle East,France,49555,3544,1.05,3159.62,4.87,143,69,9.69,18984.65,3.84,New Customers
2025-04-11,GrowthSpark Marketing,Email Nurture,Instagram,Europe,United States,18618,954,6.04,650.79,4.32,225,15,4.65,16965.26,5.26,Enterprise
2025-04-12,Apex Marketing Group,Brand Awareness,Facebook,South America,France,7587,1319,8.9,4930.37,0.73,277,175,11.58,6727.48,1.45,Enterprise
2025-04-13,Apex Marketing Group,Brand Awareness,Facebook,Europe,UAE,32480,454,1.94,3914.38,4.75,158,3,8.32,8059.25,6.0,Returning Customers
2025-04-14,GrowthSpark Marketing,Product Launch,Instagram,Middle East,India,33994,893,6.18,1981.68,2.23,253,156,2.37,8524.2,2.52,SMB
2025-04-15,Apex Marketing Group,Product Launch,Twitter,North America,Japan,21527,1832,6.82,2913.89,0.24,283,3,8.13,12560.97,3.86,Returning Customers
2025-04-16,GrowthSpark Marketing,Email Nurture,Facebook,Asia,South Africa,24569,1614,4.48,4561.14,2.32,444,102,6.24,5807.24,7.12,New Customers
2025-04-17,ShopNest,Brand Awareness,LinkedIn,Middle East,Singapore,12151,1234,7.16,2792.79,0.42,440,4,3.12,19388.06,7.78,SMB
2025-04-18,GrowthSpark Marketing,Email Nurture,Email,North America,United Kingdom,6558,796,4.4,913.77,2.81,308,88,12.7,12212.82,3.68,New Customers
2025-04-19,ShopNest,Product Launch,Facebook,South America,United Kingdom,45739,1775,5.29,1924.58,1.83,280,159,0.66,8048.09,6.76,SMB
2025-04-20,GrowthSpark Marketing,Product Launch,LinkedIn,Europe,Saudi Arabia,33954,3238,0.57,4223.57,2.47,497,45,5.03,12935.7,0.9,SMB
2025-04-21,Apex Marketing Group,Brand Awareness,Google Ads,Europe,UAE,48448,320,7.07,3238.85,3.14,6,187,0.68,7968.56,6.86,Returning Customers
2025-04-22,GrowthSpark Marketing,Seasonal Sale,LinkedIn,Europe,UAE,48327,4915,6.78,3271.09,4.37,92,45,1.89,16374.13,5.22,New Customers
2025-04-23,Apex Marketing Group,Lead Generation,Email,South America,Brazil,44837,4006,0.86,4340.77,3.38,291,75,4.81,11400.04,4.17,SMB
2025-04-24,GrowthSpark Marketing,Product Launch,LinkedIn,North America,Australia,36303,221,4.0,4475.17,2.28,415,165,1.29,935.21,7.17,New Customers
2025-04-25,GrowthSpark Marketing,Product Launch,Instagram,South America,Germany,35700,323,9.8,4602.97,4.13,134,193,9.15,3617.46,6.84,Returning Customers
2025-04-26,CloudNova,Seasonal Sale,Email,Europe,Netherlands,28500,2356,4.5,519.5,4.55,82,9,1.76,17313.38,2.73,Returning Customers
2025-04-27,Apex Marketing Group,Seasonal Sale,Twitter,Middle East,Germany,3032,1208,5.27,2743.42,0.77,264,145,10.67,11301.71,6.44,Returning Customers
2025-04-28,CloudNova,Email Nurture,Google Ads,Asia,Saudi Arabia,2252,1756,9.14,3715.52,2.75,245,118,1.26,19011.84,1.25,Returning Customers
2025-04-29,Apex Marketing Group,Email Nurture,Instagram,South America,China,6509,1821,7.31,3796.79,1.57,145,65,1.36,1541.2,6.67,Enterprise
2025-04-30,CloudNova,Lead Generation,Twitter,South America,Canada,38842,471,6.03,3053.25,0.43,232,131,4.93,5975.69,5.57,SMB
2025-05-01,ShopNest,Lead Generation,LinkedIn,North America,Japan,14900,1259,8.08,875.6,3.41,167,26,13.5,3951.51,1.16,Enterprise
2025-05-02,GrowthSpark Marketing,Brand Awareness,Email,North America,India,15523,4725,8.71,3997.23,4.34,240,181,9.8,11121.42,5.62,Returning Customers
2025-05-03,Apex Marketing Group,Email Nurture,Google Ads,South America,United Kingdom,2881,940,4.84,3614.55,0.98,132,159,11.67,7717.58,4.85,SMB
2025-05-04,Apex Marketing Group,Product Launch,Instagram,Europe,Australia,34037,4867,5.01,476.37,4.1,204,26,2.55,3229.74,4.96,SMB
2025-05-05,GrowthSpark Marketing,Email Nurture,Twitter,Asia,France,2630,3317,4.17,2345.86,4.3,454,23,12.59,12890.76,2.68,New Customers
2025-05-06,Apex Marketing Group,Product Launch,Twitter,North America,Japan,21789,1523,9.68,911.19,4.59,394,30,0.62,10772.34,2.5,Returning Customers
2025-05-07,Apex Marketing Group,Seasonal Sale,Google Ads,Europe,China,23523,3293,7.12,1720.51,1.47,35,10,3.59,5567.25,6.22,Enterprise
2025-05-08,CloudNova,Email Nurture,LinkedIn,Middle East,Singapore,18958,4528,1.29,139.5,4.54,142,72,9.43,9647.45,2.43,New Customers
2025-05-09,Apex Marketing Group,Seasonal Sale,Google Ads,North America,Japan,47151,2231,8.7,2031.63,1.74,496,64,5.94,14940.19,3.85,SMB
2025-05-10,ShopNest,Lead Generation,Twitter,Europe,China,49920,1499,5.07,2771.89,2.85,25,150,14.77,4184.91,5.71,Enterprise
2025-05-11,ShopNest,Lead Generation,Facebook,Europe,United Kingdom,44852,3146,1.15,3116.93,0.44,238,143,0.94,5928.82,1.1,Returning Customers
2025-05-12,GrowthSpark Marketing,Brand Awareness,Instagram,Asia,Canada,2695,3306,5.72,3334.28,0.41,206,123,14.98,6987.61,4.96,Enterprise
2025-05-13,Apex Marketing Group,Email Nurture,Google Ads,Asia,China,15821,3206,4.46,4189.64,3.66,283,105,9.54,14959.86,4.92,Enterprise
2025-05-14,GrowthSpark Marketing,Seasonal Sale,Twitter,Middle East,United Kingdom,4262,1640,8.84,1116.54,2.33,135,184,8.6,16953.76,5.63,Enterprise
2025-05-15,ShopNest,Product Launch,LinkedIn,Europe,United Kingdom,2445,4289,2.44,646.39,1.43,420,74,1.36,7590.13,3.27,New Customers
2025-05-16,Apex Marketing Group,Lead Generation,Twitter,Europe,Canada,17436,4031,8.35,4265.11,1.11,152,148,4.46,6002.76,3.87,SMB
2025-05-17,Apex Marketing Group,Lead Generation,LinkedIn,Asia,Germany,10949,1485,5.8,825.23,3.42,462,105,13.91,17799.99,2.97,Enterprise
2025-05-18,GrowthSpark Marketing,Product Launch,Google Ads,North America,Japan,24963,273,1.02,4875.06,0.2,33,47,5.64,19987.36,6.56,SMB
2025-05-19,ShopNest,Seasonal Sale,LinkedIn,North America,Saudi Arabia,30932,269,9.73,4220.56,4.07,365,87,10.09,13440.04,1.48,New Customers
2025-05-20,Apex Marketing Group,Seasonal Sale,Email,South America,United States,7901,4324,5.37,2529.34,0.58,312,53,14.99,19800.61,7.72,Returning Customers
2025-05-21,GrowthSpark Marketing,Email Nurture,Email,Asia,United States,34487,1704,3.26,4908.04,1.12,375,181,4.31,13233.33,5.26,Returning Customers
2025-05-22,ShopNest,Email Nurture,Email,South America,Saudi Arabia,9597,4578,4.96,532.01,2.05,434,129,8.85,14695.86,7.15,Enterprise
2025-05-23,GrowthSpark Marketing,Brand Awareness,Facebook,Asia,Singapore,7855,314,8.65,1550.18,2.53,166,2,10.6,7834.25,3.7,New Customers
2025-05-24,CloudNova,Lead Generation,Google Ads,Middle East,France,19678,1003,3.4,3209.21,1.9,361,58,2.89,8716.05,2.99,Returning Customers
2025-05-25,Apex Marketing Group,Email Nurture,Twitter,Europe,UAE,9263,4574,2.33,1782.53,1.74,344,147,2.66,2968.3,7.26,New Customers
2025-05-26,CloudNova,Seasonal Sale,Twitter,Middle East,France,48288,3783,1.73,4645.44,4.83,65,190,7.12,16472.73,1.24,New Customers
2025-05-27,ShopNest,Product Launch,Facebook,Asia,UAE,26805,2824,3.33,374.85,3.28,129,72,6.09,18628.07,1.38,Enterprise
2025-05-28,CloudNova,Seasonal Sale,LinkedIn,Europe,Saudi Arabia,27143,3174,7.91,2769.59,0.31,460,140,10.86,12506.42,2.75,Enterprise
2025-05-29,CloudNova,Lead Generation,Facebook,North America,United States,12874,529,4.98,2974.79,2.26,75,154,1.51,6938.58,7.7,New Customers
2025-05-30,ShopNest,Seasonal Sale,LinkedIn,North America,India,28529,3564,2.66,3281.0,4.4,330,27,14.6,3164.92,5.25,New Customers
2025-05-31,GrowthSpark Marketing,Brand Awareness,LinkedIn,South America,United States,21866,1403,2.08,1315.55,1.65,399,29,0.71,5376.61,4.66,Enterprise
2025-06-01,CloudNova,Lead Generation,Instagram,Asia,France,15079,3372,3.66,1854.6,0.65,368,15,9.22,5182.67,5.79,New Customers
2025-06-02,GrowthSpark Marketing,Product Launch,Twitter,Asia,Australia,8243,3928,9.43,4226.22,3.84,470,174,8.66,12309.2,3.63,Enterprise
2025-06-03,CloudNova,Brand Awareness,Email,North America,Saudi Arabia,30872,939,3.76,1014.97,3.11,247,129,2.45,18906.25,6.19,SMB
2025-06-04,GrowthSpark Marketing,Lead Generation,LinkedIn,Middle East,Singapore,10018,3904,9.89,4143.0,2.94,494,60,2.69,1060.61,3.45,New Customers
2025-06-05,ShopNest,Product Launch,Instagram,Europe,France,13100,974,5.11,2835.14,0.46,253,107,11.99,120.34,6.7,Enterprise
2025-06-06,CloudNova,Brand Awareness,Twitter,Middle East,India,20800,2220,2.2,3822.83,0.87,225,185,13.37,12043.62,2.5,New Customers
2025-06-07,ShopNest,Brand Awareness,Email,Middle East,Japan,27910,1952,8.97,3582.36,3.19,477,3,4.6,5752.8,2.58,Enterprise
2025-06-08,CloudNova,Lead Generation,LinkedIn,North America,UAE,30437,4923,4.87,1077.18,1.2,451,115,6.85,17622.91,4.42,New Customers
2025-06-09,ShopNest,Email Nurture,LinkedIn,North America,United States,38588,2445,7.24,2865.62,2.62,25,146,5.65,6612.28,3.73,Returning Customers
2025-06-10,ShopNest,Brand Awareness,Facebook,North America,Singapore,12001,78,9.85,4345.23,2.82,498,52,1.55,5865.78,5.36,Returning Customers
2025-06-11,CloudNova,Brand Awareness,Facebook,South America,Canada,47675,84,0.98,2188.98,1.56,391,60,10.26,5463.26,3.23,New Customers
2025-06-12,CloudNova,Product Launch,Twitter,Middle East,Australia,20942,3639,1.42,4834.62,4.75,86,34,12.47,2982.57,2.23,Returning Customers
2025-06-13,CloudNova,Seasonal Sale,Email,Asia,United Kingdom,21862,2720,7.34,2288.46,4.24,348,96,4.92,11672.46,4.02,New Customers
2025-06-14,Apex Marketing Group,Lead Generation,LinkedIn,Europe,India,12669,3415,3.18,756.79,3.67,371,89,14.86,3447.45,4.71,New Customers
2025-06-15,GrowthSpark Marketing,Lead Generation,Twitter,South America,France,16916,638,2.25,1977.7,0.57,490,60,1.6,8550.16,1.57,SMB
2025-06-16,Apex Marketing Group,Email Nurture,Twitter,Asia,UAE,11878,3268,0.87,4760.93,0.71,14,154,10.1,9273.34,4.68,SMB
2025-06-17,Apex Marketing Group,Email Nurture,Google Ads,Middle East,Canada,3985,3188,0.71,1632.62,2.57,415,19,7.0,507.79,2.89,Returning Customers
2025-06-18,ShopNest,Lead Generation,Facebook,North America,Singapore,33369,953,7.86,4347.09,0.97,16,111,6.98,434.46,3.44,SMB
2025-06-19,CloudNova,Email Nurture,Email,Middle East,Netherlands,9112,4136,1.78,4412.19,4.9,267,22,7.14,10452.23,2.59,SMB
2025-06-20,GrowthSpark Marketing,Product Launch,LinkedIn,Europe,China,42235,2219,4.94,1783.42,0.96,149,161,4.25,13951.09,7.49,New Customers
2025-06-21,ShopNest,Lead Generation,Twitter,South America,Germany,19931,389,6.26,462.13,2.54,453,166,10.88,18848.64,5.63,Enterprise
2025-06-22,Apex Marketing Group,Email Nurture,LinkedIn,South America,United States,28340,4320,4.57,3636.56,1.95,196,128,10.96,3664.47,2.47,New Customers
2025-06-23,CloudNova,Lead Generation,Google Ads,Europe,South Africa,1336,1764,0.76,1591.99,3.27,254,35,4.59,2154.85,5.34,SMB
2025-06-24,ShopNest,Seasonal Sale,Email,Asia,Germany,43933,4742,7.94,3925.47,0.82,118,107,12.61,1136.55,6.86,New Customers
2025-06-25,CloudNova,Brand Awareness,Twitter,Asia,India,20363,4596,0.6,2241.14,2.27,30,128,5.09,8777.23,3.51,Returning Customers
2025-06-26,ShopNest,Lead Generation,LinkedIn,South America,China,46536,606,7.74,2452.07,1.52,275,195,11.01,12500.63,6.72,Enterprise
2025-06-27,CloudNova,Brand Awareness,Facebook,South America,Netherlands,4968,3137,8.99,3900.65,4.46,37,83,2.25,16827.01,1.66,SMB
2025-06-28,Apex Marketing Group,Email Nurture,Google Ads,North America,China,34678,3316,4.61,1942.7,0.39,66,138,2.95,13684.63,6.67,SMB
2025-06-29,GrowthSpark Marketing,Brand Awareness,Email,Asia,Singapore,49400,3617,5.59,2243.48,4.59,233,143,5.08,4246.38,4.55,New Customers
2025-06-30,Apex Marketing Group,Lead Generation,Google Ads,Europe,China,17279,2106,5.03,1912.14,4.2,307,139,9.11,9289.23,2.17,New Customers
2025-07-01,GrowthSpark Marketing,Seasonal Sale,Facebook,Asia,United Kingdom,4129,3949,4.2,1868.34,1.63,99,111,9.86,18215.89,3.55,New Customers
2025-07-02,CloudNova,Email Nurture,Email,North America,India,39215,1066,8.93,2653.44,3.99,39,90,6.25,6602.15,7.91,New Customers
2025-07-03,ShopNest,Lead Generation,Google Ads,South America,South Africa,39897,2112,8.99,4053.56,0.35,197,24,1.63,10024.73,6.38,SMB
2025-07-04,Apex Marketing Group,Email Nurture,Instagram,South America,Japan,6850,888,3.69,1840.75,4.84,460,77,5.92,19175.45,4.81,New Customers
2025-07-05,GrowthSpark Marketing,Product Launch,Facebook,North America,Germany,21588,1687,6.34,2645.06,2.73,80,101,10.49,14720.69,1.36,SMB
2025-07-06,Apex Marketing Group,Brand Awareness,Facebook,Europe,South Africa,41214,4371,9.31,3370.1,1.66,383,132,10.23,14980.03,3.63,New Customers
2025-07-07,GrowthSpark Marketing,Product Launch,Facebook,South America,Japan,12949,3546,9.64,1383.73,1.94,253,13,2.82,5121.45,2.47,Enterprise
2025-07-08,Apex Marketing Group,Lead Generation,Instagram,Middle East,Canada,9519,1863,5.34,1423.74,0.52,87,185,0.61,8352.49,1.03,Enterprise
2025-07-09,GrowthSpark Marketing,Seasonal Sale,Instagram,South America,Netherlands,27375,3529,4.8,4670.39,4.95,29,98,11.42,1738.61,4.57,New Customers
2025-07-10,GrowthSpark Marketing,Email Nurture,LinkedIn,Middle East,Brazil,34082,1501,3.15,3631.5,0.39,61,120,2.04,12169.86,7.17,New Customers
2025-07-11,CloudNova,Brand Awareness,Twitter,North America,Australia,12737,2363,9.61,2907.07,3.34,36,37,1.69,2164.23,5.57,Returning Customers
2025-07-12,GrowthSpark Marketing,Email Nurture,Google Ads,North America,Australia,2134,1564,1.86,3256.21,2.33,323,48,0.54,16734.6,2.37,Enterprise
2025-07-13,CloudNova,Lead Generation,LinkedIn,South America,Japan,11938,1281,6.01,195.03,4.75,16,199,6.77,16309.62,4.8,SMB
2025-07-14,GrowthSpark Marketing,Email Nurture,Google Ads,Asia,Brazil,25486,1695,3.18,3109.61,1.38,323,1,7.8,10718.74,7.57,Enterprise
2025-07-15,ShopNest,Brand Awareness,Twitter,Middle East,Singapore,49356,3049,3.15,2572.07,2.75,337,60,9.75,2909.2,5.92,SMB
2025-07-16,ShopNest,Lead Generation,Instagram,Europe,South Africa,27096,3490,4.35,2751.46,2.52,96,140,4.79,609.02,5.67,New Customers
2025-07-17,ShopNest,Email Nurture,Twitter,South America,Brazil,42115,4106,9.99,1829.15,3.57,5,149,10.8,15954.5,7.76,Enterprise
2025-07-18,GrowthSpark Marketing,Seasonal Sale,Instagram,Europe,United States,6592,355,1.02,453.3,0.53,439,139,2.96,12042.8,6.49,Enterprise
2025-07-19,CloudNova,Lead Generation,Twitter,South America,Canada,19108,3586,6.0,1007.03,1.13,330,44,12.56,14247.5,1.52,Returning Customers
2025-07-20,CloudNova,Lead Generation,LinkedIn,Asia,India,18270,1773,1.28,4756.19,1.23,140,115,8.79,6145.76,3.11,Returning Customers
2025-07-21,GrowthSpark Marketing,Seasonal Sale,Email,Asia,Brazil,28649,1739,1.97,2073.06,3.74,200,186,8.97,10238.71,7.74,Enterprise
2025-07-22,ShopNest,Product Launch,LinkedIn,Asia,France,11997,1567,4.68,2360.08,1.11,137,108,3.54,14968.77,4.17,Enterprise
2025-07-23,ShopNest,Brand Awareness,Google Ads,Asia,Saudi Arabia,34489,3967,5.35,310.91,2.95,477,44,1.57,9305.01,1.34,Enterprise
2025-07-24,CloudNova,Product Launch,LinkedIn,North America,Singapore,10104,469,2.96,235.95,1.23,90,78,7.24,12067.55,3.94,SMB
2025-07-25,ShopNest,Email Nurture,Facebook,North America,Australia,1870,2986,3.51,3600.05,4.34,480,162,9.43,15815.59,5.73,New Customers
2025-07-26,Apex Marketing Group,Seasonal Sale,Google Ads,Middle East,France,29684,3912,1.33,2713.57,4.72,299,25,1.88,4382.89,7.98,Returning Customers
2025-07-27,CloudNova,Product Launch,Twitter,Europe,Canada,40519,4279,3.38,2568.09,2.69,283,132,14.28,1411.98,2.93,New Customers
2025-07-28,ShopNest,Lead Generation,Google Ads,South America,Brazil,35524,1500,9.68,1253.47,1.89,328,192,14.72,10683.29,4.36,Returning Customers
2025-07-29,CloudNova,Email Nurture,Email,South America,Germany,31957,3146,9.47,3736.52,1.32,184,116,8.41,1336.3,7.1,Returning Customers
2025-07-30,Apex Marketing Group,Email Nurture,Instagram,North America,Australia,34885,3311,3.68,882.77,0.44,8,119,14.28,15354.49,3.16,Returning Customers
2025-07-31,CloudNova,Product Launch,Twitter,South America,United States,45369,1214,5.92,990.18,1.49,130,144,3.1,14412.31,1.32,Enterprise
2025-08-01,CloudNova,Product Launch,Google Ads,North America,UAE,36596,1919,9.14,2330.53,3.34,179,10,0.87,17646.08,7.62,Returning Customers
2025-08-02,CloudNova,Seasonal Sale,Twitter,Middle East,United States,30866,1869,0.56,1467.09,2.76,255,109,1.07,12827.29,4.16,New Customers
2025-08-03,CloudNova,Brand Awareness,Twitter,Europe,Saudi Arabia,31676,2755,8.2,1274.94,4.73,25,194,9.02,1437.23,4.27,Returning Customers
2025-08-04,Apex Marketing Group,Product Launch,Twitter,Middle East,China,48764,3565,9.51,3243.93,2.1,489,35,1.39,5137.73,5.16,New Customers
2025-08-05,GrowthSpark Marketing,Product Launch,Instagram,Asia,UAE,14878,1392,1.37,3272.31,3.53,444,134,14.4,16177.84,0.53,Returning Customers
2025-08-06,CloudNova,Lead Generation,LinkedIn,Asia,United Kingdom,40760,2276,2.03,4131.36,2.55,109,19,2.56,3425.94,7.48,Returning Customers
2025-08-07,CloudNova,Email Nurture,Twitter,Asia,Brazil,28559,1129,9.63,2117.66,2.66,70,187,4.92,13999.76,3.21,Enterprise
2025-08-08,ShopNest,Brand Awareness,Facebook,Middle East,Canada,47546,4256,5.61,411.77,1.49,447,181,12.43,15627.16,3.48,New Customers
2025-08-09,CloudNova,Lead Generation,Email,South America,Australia,7771,4613,0.63,1404.65,2.38,267,8,3.67,6669.22,1.81,Returning Customers
2025-08-10,ShopNest,Seasonal Sale,Instagram,Europe,United Kingdom,17526,2829,2.95,4901.03,2.46,53,10,4.02,6513.72,3.34,Returning Customers
2025-08-11,GrowthSpark Marketing,Seasonal Sale,Google Ads,Asia,Canada,30896,2578,4.77,3001.48,3.59,20,195,9.81,11200.27,6.53,New Customers
2025-08-12,Apex Marketing Group,Product Launch,Instagram,Asia,Saudi Arabia,32923,863,7.08,3563.2,4.72,149,166,4.5,17239.6,6.5,Returning Customers
2025-08-13,Apex Marketing Group,Product Launch,Google Ads,Asia,Japan,37203,2081,7.47,86.42,1.78,344,29,3.65,4555.73,7.52,SMB
2025-08-14,GrowthSpark Marketing,Seasonal Sale,Instagram,Europe,Brazil,40390,372,9.96,2615.12,0.4,254,15,4.19,18831.04,3.52,Enterprise
2025-08-15,Apex Marketing Group,Product Launch,Google Ads,Asia,India,13852,3019,3.23,235.77,2.58,347,87,7.61,12022.46,5.82,New Customers
2025-08-16,GrowthSpark Marketing,Brand Awareness,Twitter,Europe,India,48574,953,5.61,2867.69,2.81,358,23,14.51,19843.32,4.3,Enterprise
2025-08-17,GrowthSpark Marketing,Product Launch,LinkedIn,Asia,Brazil,44391,1591,5.57,4607.82,1.01,79,46,12.57,1883.31,6.53,SMB
2025-08-18,GrowthSpark Marketing,Email Nurture,Google Ads,Middle East,UAE,2848,3553,4.35,4843.67,3.85,294,28,4.63,2618.59,5.84,SMB
2025-08-19,Apex Marketing Group,Product Launch,Google Ads,Middle East,China,32027,2703,2.11,2725.74,4.93,421,26,5.77,16550.17,3.26,SMB
2025-08-20,ShopNest,Lead Generation,Facebook,Europe,China,36464,2526,9.79,2318.11,4.74,286,10,7.24,17308.64,3.03,New Customers
2025-08-21,GrowthSpark Marketing,Brand Awareness,Google Ads,Middle East,UAE,35485,3390,8.61,4727.83,1.15,70,175,14.69,8964.63,2.39,SMB
2025-08-22,CloudNova,Lead Generation,Facebook,Europe,South Africa,20456,4293,5.23,3384.37,4.4,129,4,3.0,14310.02,4.82,New Customers
2025-08-23,Apex Marketing Group,Lead Generation,Email,Middle East,Netherlands,10259,1191,6.23,371.25,3.58,323,55,5.68,17364.39,7.73,New Customers
2025-08-24,GrowthSpark Marketing,Email Nurture,Twitter,Middle East,India,36554,899,2.66,2355.34,2.38,91,66,11.08,958.24,2.0,Returning Customers
2025-08-25,GrowthSpark Marketing,Brand Awareness,Facebook,Europe,Germany,47922,416,5.67,1239.21,2.79,45,67,14.48,11521.61,1.21,New Customers
2025-08-26,CloudNova,Brand Awareness,LinkedIn,South America,UAE,14409,2947,7.1,2375.53,4.28,474,135,2.76,17084.27,1.4,SMB
2025-08-27,ShopNest,Brand Awareness,Twitter,Middle East,Australia,4791,1139,5.39,2304.55,2.5,190,55,3.8,8023.28,6.37,New Customers
2025-08-28,ShopNest,Brand Awareness,Facebook,Asia,India,26864,4091,9.91,2931.62,1.99,358,31,3.77,6117.43,3.13,New Customers
2025-08-29,ShopNest,Brand Awareness,Twitter,South America,Germany,37639,2088,6.31,1816.01,2.57,384,74,0.8,15934.56,2.18,Enterprise
2025-08-30,GrowthSpark Marketing,Email Nurture,Twitter,Europe,Saudi Arabia,35574,2910,4.02,863.14,2.98,339,19,9.26,6782.15,3.15,SMB
2025-08-31,GrowthSpark Marketing,Product Launch,Twitter,South America,United Kingdom,18888,4320,7.84,2543.41,1.11,270,156,10.23,163.17,5.34,New Customers
2025-09-01,GrowthSpark Marketing,Lead Generation,Email,North America,Germany,20692,1904,2.12,4159.5,4.52,275,81,9.24,19195.49,4.6,Returning Customers
2025-09-02,Apex Marketing Group,Brand Awareness,LinkedIn,North America,United Kingdom,24501,4733,4.15,3336.86,3.44,46,156,1.53,11883.25,6.08,New Customers
2025-09-03,CloudNova,Product Launch,Instagram,Middle East,Netherlands,14304,544,3.8,1724.92,3.24,97,147,1.5,16408.41,3.04,New Customers
2025-09-04,GrowthSpark Marketing,Product Launch,Instagram,Middle East,Canada,28527,3232,4.6,4680.84,0.68,189,87,3.55,16523.5,3.89,Enterprise
2025-09-05,CloudNova,Lead Generation,Facebook,Asia,Singapore,19074,1834,7.93,4565.43,3.1,219,20,4.71,1421.57,1.26,SMB
2025-09-06,CloudNova,Email Nurture,Twitter,South America,France,16549,3560,5.1,1086.27,0.78,21,13,11.9,3500.12,1.05,SMB
2025-09-07,ShopNest,Seasonal Sale,Facebook,North America,Canada,30963,3836,8.04,245.12,0.58,448,77,2.81,6291.3,3.97,Returning Customers
2025-09-08,Apex Marketing Group,Seasonal Sale,Email,Middle East,India,26920,4180,5.98,3719.48,2.73,269,43,1.14,6481.92,2.76,Returning Customers
2025-09-09,GrowthSpark Marketing,Product Launch,Email,South America,United Kingdom,31826,1048,3.75,4146.67,2.13,118,139,6.21,13209.84,5.1,Returning Customers
2025-09-10,ShopNest,Lead Generation,Google Ads,Middle East,India,37071,4519,8.19,4840.93,3.03,296,176,6.54,12500.35,0.82,New Customers
2025-09-11,ShopNest,Seasonal Sale,Email,Middle East,Netherlands,17061,1501,2.76,4454.69,0.63,461,143,7.04,9942.34,1.41,New Customers
2025-09-12,GrowthSpark Marketing,Product Launch,Google Ads,North America,UAE,29810,1801,2.63,3022.65,2.27,468,145,12.49,4304.15,6.99,Returning Customers
2025-09-13,CloudNova,Email Nurture,LinkedIn,North America,Brazil,48966,2330,5.29,2673.76,1.04,296,182,1.92,7701.47,4.75,SMB
2025-09-14,ShopNest,Seasonal Sale,Facebook,Middle East,Australia,23800,4850,2.98,187.81,4.94,52,50,10.71,10917.52,5.84,SMB
2025-09-15,CloudNova,Product Launch,LinkedIn,Europe,United States,44423,4708,0.59,1270.95,2.89,311,28,5.4,9412.91,6.81,Returning Customers
2025-09-16,Apex Marketing Group,Product Launch,Email,Middle East,India,42692,2984,6.66,2325.09,3.5,101,4,4.99,2633.12,3.98,Enterprise
2025-09-17,CloudNova,Brand Awareness,LinkedIn,Middle East,Australia,10940,3784,5.36,3161.09,1.76,379,22,14.02,13025.26,6.21,SMB
2025-09-18,Apex Marketing Group,Email Nurture,LinkedIn,Asia,UAE,4924,3396,4.73,2808.4,0.65,99,119,4.1,1553.73,4.43,SMB
2025-09-19,CloudNova,Brand Awareness,LinkedIn,Asia,Germany,29054,1923,9.69,3726.05,4.88,330,101,9.82,7626.07,2.17,Returning Customers
2025-09-20,ShopNest,Lead Generation,Email,Asia,UAE,10783,4584,5.93,1434.85,1.57,78,39,4.49,14229.58,3.03,SMB
2025-09-21,ShopNest,Brand Awareness,Twitter,Europe,Saudi Arabia,38253,3853,8.7,2846.52,2.23,340,34,7.85,498.47,4.18,New Customers
2025-09-22,Apex Marketing Group,Brand Awareness,LinkedIn,Europe,Canada,46397,2029,1.82,486.3,3.32,72,97,11.9,11442.66,2.88,New Customers
2025-09-23,GrowthSpark Marketing,Seasonal Sale,Google Ads,Middle East,South Africa,14233,748,5.91,2097.64,0.32,250,44,13.28,6756.97,3.02,SMB
2025-09-24,Apex Marketing Group,Product Launch,Email,Asia,Germany,46669,1362,8.75,3763.3,4.09,410,170,12.66,275.75,3.03,New Customers
2025-09-25,Apex Marketing Group,Email Nurture,LinkedIn,Europe,United States,25484,3012,6.04,3482.33,2.78,81,40,8.94,3888.63,1.42,Enterprise
2025-09-26,CloudNova,Brand Awareness,Twitter,North America,United Kingdom,26068,2988,7.32,4953.68,1.54,212,97,4.11,18824.83,1.13,SMB
2025-09-27,CloudNova,Email Nurture,Email,Middle East,Brazil,1191,4837,4.03,1425.56,0.5,376,140,10.09,10470.86,0.85,Returning Customers
2025-09-28,Apex Marketing Group,Brand Awareness,Instagram,South America,Australia,26074,2350,1.38,2516.04,0.98,258,130,10.79,19944.82,1.33,New Customers
2025-09-29,ShopNest,Lead Generation,Twitter,Middle East,Brazil,5917,3247,4.85,1681.18,4.5,225,156,0.66,10543.85,3.08,Enterprise
2025-09-30,CloudNova,Brand Awareness,Google Ads,South America,France,39599,176,4.25,2230.99,3.49,266,74,6.87,10924.33,4.95,Enterprise
2025-10-01,GrowthSpark Marketing,Seasonal Sale,LinkedIn,Asia,Netherlands,26832,1241,8.74,4291.9,1.4,414,86,12.73,7897.68,1.91,New Customers
2025-10-02,CloudNova,Product Launch,Instagram,South America,UAE,43928,2689,2.82,3436.83,0.51,335,90,7.6,6269.8,7.16,Enterprise
2025-10-03,CloudNova,Lead Generation,Instagram,Asia,India,21706,4439,9.68,4418.08,3.51,348,67,5.01,5105.76,6.56,SMB
2025-10-04,GrowthSpark Marketing,Brand Awareness,Email,North America,United Kingdom,14682,3966,9.6,1057.38,2.95,481,199,13.14,6934.07,4.4,Enterprise
2025-10-05,Apex Marketing Group,Email Nurture,Instagram,South America,France,27762,1416,2.85,4373.14,2.14,263,76,2.76,9251.04,5.93,New Customers
2025-10-06,GrowthSpark Marketing,Lead Generation,Google Ads,Middle East,UAE,24383,1069,3.81,345.82,1.95,312,92,3.49,3920.64,3.25,Enterprise
2025-10-07,Apex Marketing Group,Lead Generation,Google Ads,Asia,Japan,28796,4129,9.01,4448.57,1.24,78,10,10.47,4575.01,0.78,New Customers
2025-10-08,Apex Marketing Group,Brand Awareness,Facebook,Middle East,India,24666,4564,9.68,1678.92,3.41,129,86,5.61,5503.74,7.28,New Customers
2025-10-09,Apex Marketing Group,Lead Generation,Google Ads,Europe,Germany,26662,4589,4.71,1607.21,4.86,192,102,10.84,9040.27,1.46,Enterprise
2025-10-10,GrowthSpark Marketing,Email Nurture,Twitter,Asia,Canada,46159,734,3.55,2584.84,1.04,258,185,2.79,13090.99,7.61,New Customers
2025-10-11,Apex Marketing Group,Lead Generation,Instagram,South America,Singapore,35642,3679,5.5,4706.42,3.07,451,108,4.16,17137.31,4.79,New Customers
2025-10-12,ShopNest,Email Nurture,Google Ads,Asia,Australia,42830,2937,7.03,286.52,2.24,325,165,2.77,5813.92,2.79,Returning Customers
2025-10-13,GrowthSpark Marketing,Brand Awareness,Email,Middle East,South Africa,38531,1512,3.1,1793.54,2.34,312,91,14.32,3756.19,4.22,SMB
2025-10-14,ShopNest,Product Launch,Facebook,North America,Saudi Arabia,11234,4136,7.5,4290.03,1.42,239,192,6.38,7639.06,4.26,New Customers
2025-10-15,Apex Marketing Group,Lead Generation,Instagram,Asia,United States,10221,2311,0.99,2010.47,4.16,478,79,5.39,17898.22,0.67,SMB
2025-10-16,CloudNova,Product Launch,Facebook,South America,United States,12410,4230,0.97,1035.83,2.53,254,86,0.71,296.23,3.17,Returning Customers
2025-10-17,Apex Marketing Group,Email Nurture,Instagram,Europe,South Africa,15519,2891,4.17,2152.73,2.81,336,107,2.72,13589.59,6.05,Returning Customers
2025-10-18,ShopNest,Lead Generation,Email,North America,Germany,2051,1817,3.86,1958.48,1.66,402,168,6.61,9595.48,4.33,Returning Customers
2025-10-19,ShopNest,Seasonal Sale,Facebook,Europe,China,45993,4230,3.5,4581.31,1.07,349,101,1.49,3304.82,2.33,Returning Customers
2025-10-20,GrowthSpark Marketing,Product Launch,LinkedIn,Asia,United States,10765,3610,5.16,3821.58,0.61,76,108,7.91,6488.33,3.01,SMB
2025-10-21,CloudNova,Lead Generation,Twitter,Middle East,Australia,12382,2162,3.55,2550.32,3.63,239,60,7.1,4576.51,6.97,Enterprise
2025-10-22,GrowthSpark Marketing,Product Launch,Twitter,Middle East,Germany,13580,4808,2.33,4942.43,1.14,328,48,11.62,17568.86,4.44,Enterprise
2025-10-23,ShopNest,Lead Generation,Instagram,South America,United Kingdom,33323,676,3.44,2353.12,3.51,160,117,10.07,9689.28,4.46,SMB
2025-10-24,Apex Marketing Group,Brand Awareness,LinkedIn,Middle East,United States,45757,4209,9.76,338.28,2.07,459,106,6.97,11305.58,7.71,New Customers
2025-10-25,CloudNova,Product Launch,Facebook,North America,Brazil,12939,3464,4.41,1348.26,2.2,398,147,3.76,11914.38,2.91,SMB
2025-10-26,Apex Marketing Group,Seasonal Sale,LinkedIn,Middle East,Germany,30964,1425,4.72,2208.55,2.45,119,33,11.04,12828.38,4.1,New Customers
2025-10-27,Apex Marketing Group,Seasonal Sale,LinkedIn,South America,Australia,1307,1231,5.98,826.67,1.97,317,44,10.76,9961.56,6.59,New Customers
2025-10-28,CloudNova,Email Nurture,Facebook,Asia,South Africa,4359,540,9.84,4740.45,0.68,232,165,2.72,455.68,6.19,Enterprise
2025-10-29,GrowthSpark Marketing,Lead Generation,Email,Asia,Singapore,30648,3779,2.8,3845.9,1.69,326,112,13.76,6760.98,2.49,Returning Customers
2025-10-30,Apex Marketing Group,Product Launch,LinkedIn,Middle East,Brazil,36944,3584,6.97,1378.02,3.39,350,89,1.43,3759.08,1.63,Enterprise
2025-10-31,ShopNest,Email Nurture,LinkedIn,Europe,India,35019,3346,7.3,2974.48,3.4,249,36,1.3,13634.84,5.76,Enterprise
2025-11-01,Apex Marketing Group,Product Launch,Email,Asia,India,39134,1990,6.27,3621.17,1.57,310,81,3.22,1228.42,2.43,SMB
2025-11-02,CloudNova,Lead Generation,LinkedIn,Middle East,United States,28323,4458,1.34,4709.33,2.41,18,88,13.69,11319.69,7.42,SMB
2025-11-03,CloudNova,Seasonal Sale,LinkedIn,South America,Brazil,7226,1932,6.93,4414.09,1.13,20,149,8.04,4291.57,1.47,New Customers
2025-11-04,CloudNova,Brand Awareness,LinkedIn,Middle East,Canada,22689,4958,1.11,2600.2,1.21,442,130,11.93,18982.03,2.89,SMB
2025-11-05,GrowthSpark Marketing,Seasonal Sale,Twitter,Asia,UAE,31971,3037,6.16,3884.53,0.31,431,31,3.8,6777.26,0.91,New Customers
2025-11-06,Apex Marketing Group,Email Nurture,Google Ads,South America,India,26954,3209,7.53,2832.62,4.5,46,108,7.61,6571.9,5.77,New Customers
2025-11-07,GrowthSpark Marketing,Brand Awareness,Email,Middle East,Canada,25423,4825,2.5,2785.88,1.21,469,30,5.7,18475.35,7.18,Returning Customers
2025-11-08,GrowthSpark Marketing,Email Nurture,LinkedIn,North America,United Kingdom,31391,4580,8.5,617.97,1.29,114,172,12.5,8405.22,5.27,Returning Customers
2025-11-09,CloudNova,Lead Generation,Twitter,South America,Germany,15330,731,0.79,674.38,1.54,282,12,0.83,19260.96,7.53,Enterprise
2025-11-10,CloudNova,Brand Awareness,Email,North America,UAE,5891,1123,8.52,2671.19,0.81,328,51,4.04,580.99,1.46,Returning Customers
2025-11-11,GrowthSpark Marketing,Email Nurture,Instagram,Europe,France,5992,2437,4.87,1380.86,3.27,23,121,2.71,6196.26,1.16,New Customers
2025-11-12,Apex Marketing Group,Lead Generation,Instagram,South America,Netherlands,2961,2444,2.57,154.13,0.56,70,177,12.96,13357.24,6.79,SMB
2025-11-13,ShopNest,Seasonal Sale,LinkedIn,North America,Australia,13497,2743,1.77,3628.05,0.84,171,152,7.28,17828.05,6.92,Returning Customers
2025-11-14,GrowthSpark Marketing,Lead Generation,Twitter,Asia,Saudi Arabia,33551,1420,9.56,210.81,3.29,77,152,6.36,5202.47,6.73,Returning Customers
2025-11-15,Apex Marketing Group,Product Launch,Twitter,Asia,Netherlands,11848,4794,1.19,2996.62,1.83,407,188,7.02,18616.5,6.49,Returning Customers
2025-11-16,CloudNova,Lead Generation,Email,Europe,Netherlands,14255,4390,2.39,2719.01,3.6,404,139,14.59,11923.02,3.22,Returning Customers
2025-11-17,CloudNova,Lead Generation,Email,South America,Germany,5567,2206,3.8,4845.63,2.88,314,13,12.83,16040.06,2.13,New Customers
2025-11-18,Apex Marketing Group,Product Launch,Twitter,South America,South Africa,49847,2630,6.39,2446.86,1.43,413,91,10.74,8004.43,7.47,New Customers
2025-11-19,ShopNest,Email Nurture,Email,South America,UAE,40281,4441,5.68,364.83,3.32,116,74,4.71,4322.39,2.8,Enterprise
2025-11-20,CloudNova,Email Nurture,Twitter,Europe,Australia,49003,2209,1.69,2780.86,0.76,278,192,2.9,18233.58,3.49,SMB
2025-11-21,CloudNova,Lead Generation,Google Ads,South America,UAE,21389,3298,3.25,4213.43,2.77,411,20,13.86,18669.4,5.75,Enterprise
2025-11-22,CloudNova,Product Launch,Twitter,Asia,Brazil,45523,3781,2.77,4984.4,2.3,377,72,6.63,10001.75,2.7,Enterprise
2025-11-23,Apex Marketing Group,Product Launch,Instagram,North America,United Kingdom,44919,3879,2.53,2180.2,1.49,89,73,4.54,229.25,6.64,Returning Customers
2025-11-24,GrowthSpark Marketing,Seasonal Sale,Email,Asia,Japan,17567,1677,4.41,1635.48,3.1,143,71,7.33,2284.68,1.03,SMB
2025-11-25,CloudNova,Email Nurture,Twitter,Asia,Saudi Arabia,4358,3522,7.19,4537.93,4.38,43,78,13.81,11503.26,6.43,Returning Customers
2025-11-26,GrowthSpark Marketing,Brand Awareness,Twitter,North America,United States,23999,77,2.57,996.65,4.99,109,28,6.11,573.16,5.01,New Customers
2025-11-27,ShopNest,Email Nurture,Email,Asia,UAE,43358,2035,3.98,3096.37,3.12,328,130,8.66,7998.55,4.8,Enterprise
2025-11-28,CloudNova,Email Nurture,Google Ads,Europe,Australia,11988,4203,4.21,2058.29,2.14,285,121,12.14,6137.06,3.94,SMB
2025-11-29,CloudNova,Seasonal Sale,Google Ads,North America,Australia,41446,1571,9.78,253.36,1.28,451,43,6.69,14315.53,2.58,New Customers
2025-11-30,ShopNest,Brand Awareness,Email,Asia,Brazil,32521,346,9.57,1769.08,1.43,484,8,3.89,1206.02,3.98,Enterprise
2025-12-01,CloudNova,Seasonal Sale,Facebook,Middle East,Canada,6698,2231,8.1,1362.88,2.5,418,13,14.92,9825.75,3.88,SMB
2025-12-02,GrowthSpark Marketing,Brand Awareness,Email,Asia,Germany,2273,3452,2.8,3446.15,1.96,433,111,14.37,11624.37,4.88,Enterprise
2025-12-03,Apex Marketing Group,Lead Generation,Email,Europe,South Africa,28543,2346,1.15,4746.51,4.59,127,35,12.73,12384.09,2.61,SMB
2025-12-04,GrowthSpark Marketing,Brand Awareness,Google Ads,South America,Japan,32349,2647,3.51,1376.83,1.97,222,23,10.48,8162.64,1.08,Enterprise
2025-12-05,Apex Marketing Group,Seasonal Sale,Google Ads,Asia,China,12241,951,3.03,4066.76,1.99,381,46,4.78,6156.92,1.59,Returning Customers
2025-12-06,Apex Marketing Group,Email Nurture,Email,South America,United States,10497,1148,5.31,324.03,2.04,65,15,13.74,13681.61,5.74,Enterprise
2025-12-07,GrowthSpark Marketing,Brand Awareness,Email,Middle East,France,42875,1727,7.89,2713.7,4.22,104,130,4.5,16966.62,0.67,Enterprise
2025-12-08,GrowthSpark Marketing,Brand Awareness,Email,Asia,China,33703,2931,8.65,399.22,3.32,311,61,12.11,13902.99,6.92,SMB
2025-12-09,GrowthSpark Marketing,Product Launch,Google Ads,North America,Netherlands,45041,4916,8.53,4673.46,3.15,358,115,13.81,18648.84,5.71,SMB
2025-12-10,GrowthSpark Marketing,Email Nurture,Email,South America,Germany,32954,1428,3.92,3843.44,1.8,397,64,9.24,14373.54,6.26,Returning Customers
2025-12-11,ShopNest,Lead Generation,Email,Middle East,Netherlands,9002,1298,7.03,3306.85,4.13,208,52,12.14,15315.91,6.77,SMB
2025-12-12,CloudNova,Seasonal Sale,LinkedIn,North America,Netherlands,5247,3785,3.47,4128.29,0.38,262,164,11.98,3441.27,1.42,Enterprise
2025-12-13,Apex Marketing Group,Lead Generation,Facebook,North America,United States,42988,4291,1.08,3255.22,4.38,490,195,3.3,8448.84,6.67,SMB
2025-12-14,GrowthSpark Marketing,Email Nurture,Instagram,North America,Australia,22698,1314,7.16,4846.27,2.66,9,69,10.18,9752.6,4.28,SMB
2025-12-15,GrowthSpark Marketing,Brand Awareness,Facebook,North America,Singapore,20738,1957,0.59,3584.09,2.11,450,67,1.86,5200.23,7.14,SMB
2025-12-16,GrowthSpark Marketing,Brand Awareness,LinkedIn,Asia,France,11703,1108,4.39,4627.06,2.59,201,175,7.86,10617.94,7.15,Returning Customers
2025-12-17,ShopNest,Email Nurture,Instagram,Asia,UAE,49240,2799,3.63,2609.8,3.4,184,83,2.85,5886.76,0.68,Returning Customers
2025-12-18,GrowthSpark Marketing,Brand Awareness,Email,Asia,Canada,18570,2098,7.09,629.47,0.26,346,2,6.54,13781.29,3.37,New Customers
2025-12-19,GrowthSpark Marketing,Brand Awareness,LinkedIn,Middle East,Japan,13392,4298,7.78,2664.48,4.38,137,172,12.58,9458.74,4.45,Returning Customers
2025-12-20,GrowthSpark Marketing,Brand Awareness,Email,Middle East,UAE,45724,2526,3.39,678.02,2.34,447,192,14.81,9230.26,5.59,Returning Customers
2025-12-21,CloudNova,Seasonal Sale,Google Ads,Middle East,South Africa,33299,4066,8.21,2982.84,1.85,328,78,5.11,19674.49,2.65,Returning Customers
2025-12-22,ShopNest,Seasonal Sale,Twitter,Europe,Canada,16641,4653,3.29,2438.34,0.86,257,28,8.21,7909.65,2.39,Enterprise
2025-12-23,GrowthSpark Marketing,Product Launch,LinkedIn,Middle East,United Kingdom,14998,3247,4.74,3131.75,2.31,269,54,7.91,7309.68,3.36,New Customers
2025-12-24,Apex Marketing Group,Lead Generation,Google Ads,Asia,Singapore,7305,4636,7.41,99.73,2.58,97,67,14.34,6440.23,4.26,Enterprise
2025-12-25,Apex Marketing Group,Email Nurture,LinkedIn,Asia,Brazil,33726,3603,7.08,1014.46,2.14,154,164,7.44,17905.51,7.63,Returning Customers
2025-12-26,Apex Marketing Group,Email Nurture,LinkedIn,Europe,United States,19782,4490,9.88,2482.09,3.46,415,102,10.64,9984.8,6.22,Returning Customers
2025-12-27,ShopNest,Email Nurture,Google Ads,Europe,UAE,13721,1811,2.64,4754.99,2.22,142,120,13.87,12040.29,3.72,New Customers
2025-12-28,ShopNest,Product Launch,Instagram,Middle East,Canada,40763,270,6.79,1948.86,4.81,212,191,5.91,3698.29,0.91,New Customers
2025-12-29,Apex Marketing Group,Seasonal Sale,Facebook,South America,Singapore,13427,4868,6.29,2150.64,3.08,494,153,13.58,10864.75,1.76,SMB
2025-12-30,GrowthSpark Marketing,Product Launch,Email,Europe,China,47550,4673,9.19,3587.75,4.08,129,48,13.8,5565.5,3.92,Returning Customers
2025-12-31,ShopNest,Email Nurture,LinkedIn,North America,Brazil,21566,2938,1.99,3038.77,0.72,238,167,13.99,14639.67,6.6,Returning Customers
2026-01-01,Apex Marketing Group,Lead Generation,Email,Asia,Canada,3230,1714,7.64,1529.68,2.11,65,47,4.42,16667.31,3.36,Enterprise
2026-01-02,Apex Marketing Group,Brand Awareness,Twitter,North America,India,7511,4036,5.9,2083.54,1.82,311,21,6.31,14324.73,4.54,SMB
2026-01-03,GrowthSpark Marketing,Seasonal Sale,Google Ads,Asia,Netherlands,43229,4626,3.11,1127.61,2.93,270,158,13.12,14631.86,7.19,Returning Customers
2026-01-04,CloudNova,Seasonal Sale,Email,Asia,United Kingdom,27177,3027,5.01,4831.81,4.33,138,92,5.71,10298.25,7.35,Enterprise
2026-01-05,ShopNest,Product Launch,Google Ads,Europe,Germany,5765,1921,3.67,696.64,0.58,322,159,9.2,14271.15,2.12,New Customers
2026-01-06,GrowthSpark Marketing,Seasonal Sale,Email,Europe,UAE,21354,1512,6.0,1890.59,0.55,117,121,2.21,8511.47,0.83,Enterprise
2026-01-07,Apex Marketing Group,Email Nurture,Facebook,North America,Netherlands,24929,394,8.95,177.9,4.28,393,116,1.32,13064.63,2.79,Returning Customers
2026-01-08,Apex Marketing Group,Email Nurture,Facebook,Asia,South Africa,29820,94,5.91,1147.81,1.22,382,154,6.47,5254.88,5.72,Enterprise
2026-01-09,GrowthSpark Marketing,Product Launch,Facebook,North America,Japan,47040,2118,6.5,3913.33,3.41,458,150,8.89,1488.16,7.63,Enterprise
2026-01-10,ShopNest,Email Nurture,Facebook,South America,Singapore,30523,1564,5.43,1045.82,2.81,195,149,6.19,8328.12,1.08,SMB
2026-01-11,CloudNova,Lead Generation,Facebook,North America,United Kingdom,6552,2648,0.99,446.31,4.2,383,1,8.88,9289.39,0.71,SMB
2026-01-12,CloudNova,Product Launch,Facebook,Middle East,Brazil,1627,1051,2.71,2398.54,0.8,444,165,7.97,5202.5,7.13,New Customers
2026-01-13,Apex Marketing Group,Lead Generation,Google Ads,North America,India,12989,1083,5.17,99.35,0.82,191,77,10.44,14581.42,6.11,SMB
2026-01-14,ShopNest,Brand Awareness,LinkedIn,Middle East,United States,14780,2090,3.45,469.59,2.87,323,85,9.92,1563.65,7.94,Enterprise
2026-01-15,CloudNova,Lead Generation,Email,Middle East,China,7589,323,2.23,4047.75,4.74,371,46,6.65,4532.69,3.48,SMB
2026-01-16,ShopNest,Brand Awareness,Facebook,Middle East,Japan,35812,2697,5.29,3868.79,2.19,93,137,6.66,14996.44,3.62,Returning Customers
2026-01-17,ShopNest,Brand Awareness,Google Ads,South America,UAE,29128,1829,3.57,4579.94,1.77,191,145,2.54,8798.77,1.79,Enterprise
2026-01-18,Apex Marketing Group,Lead Generation,Google Ads,North America,Singapore,46939,4526,2.95,4279.85,3.11,311,47,7.94,14135.14,1.37,Enterprise
2026-01-19,CloudNova,Product Launch,Google Ads,North America,Japan,39652,528,4.91,3431.72,4.67,438,59,9.01,11392.97,4.84,Enterprise
2026-01-20,GrowthSpark Marketing,Email Nurture,LinkedIn,South America,United Kingdom,28790,565,1.77,309.05,4.22,136,54,7.41,19019.18,3.23,Returning Customers
2026-01-21,Apex Marketing Group,Email Nurture,Email,Asia,Singapore,41953,4336,9.31,3925.1,4.98,364,86,5.22,11996.14,1.1,Enterprise
2026-01-22,CloudNova,Brand Awareness,LinkedIn,Europe,Brazil,1249,1241,8.74,4235.28,0.31,127,12,10.96,395.89,7.15,SMB
2026-01-23,CloudNova,Brand Awareness,Instagram,North America,United States,20309,2718,7.22,4005.46,0.74,52,192,1.58,7122.26,1.99,Returning Customers
2026-01-24,CloudNova,Product Launch,Google Ads,Europe,Australia,26901,1461,1.51,2566.97,3.13,292,6,13.76,2946.91,6.11,Enterprise
2026-01-25,CloudNova,Seasonal Sale,Instagram,South America,South Africa,24576,3330,7.87,1202.86,4.14,380,53,0.8,18500.21,2.62,SMB
2026-01-26,CloudNova,Lead Generation,Twitter,Asia,India,32508,321,8.18,4234.38,1.57,183,144,14.45,2169.85,6.6,SMB
2026-01-27,ShopNest,Brand Awareness,Facebook,Asia,UAE,10175,192,7.79,3649.46,1.35,184,90,7.2,7815.36,1.39,New Customers
2026-01-28,Apex Marketing Group,Email Nurture,Facebook,Asia,Australia,26464,3382,1.58,4904.77,3.98,103,5,6.48,4599.37,6.17,SMB
2026-01-29,ShopNest,Product Launch,LinkedIn,South America,China,17260,837,6.62,820.68,0.47,334,73,4.22,16949.77,1.24,SMB
2026-01-30,GrowthSpark Marketing,Lead Generation,Email,Middle East,United States,36440,1731,8.43,1167.04,1.97,38,174,0.65,6240.47,3.85,New Customers
2026-01-31,CloudNova,Product Launch,Instagram,Middle East,Saudi Arabia,30546,672,5.98,1098.4,2.63,424,14,4.48,19838.68,6.01,New Customers
2026-02-01,Apex Marketing Group,Lead Generation,Email,Europe,Saudi Arabia,41047,3891,6.64,3973.07,2.89,74,172,2.09,868.47,1.8,Returning Customers
2026-02-02,CloudNova,Lead Generation,LinkedIn,Middle East,United States,42430,3726,4.85,975.19,3.7,175,191,10.07,2652.71,2.64,SMB
2026-02-03,Apex Marketing Group,Brand Awareness,Facebook,Middle East,India,2987,2622,5.52,379.97,1.9,370,106,5.13,4570.31,6.99,Returning Customers
2026-02-04,ShopNest,Product Launch,Email,Asia,France,26105,3310,0.83,4992.88,3.14,276,52,11.62,16241.01,7.14,Returning Customers
2026-02-05,Apex Marketing Group,Product Launch,Email,Asia,Australia,13948,4762,6.57,172.85,3.01,63,116,3.5,17582.49,0.84,Enterprise
2026-02-06,GrowthSpark Marketing,Email Nurture,Facebook,Europe,Canada,14026,116,1.27,4184.46,2.83,185,26,13.55,1521.88,1.76,Returning Customers
2026-02-07,GrowthSpark Marketing,Email Nurture,Instagram,North America,Japan,3773,4336,4.63,1858.57,3.27,23,53,8.08,745.96,1.38,Returning Customers
2026-02-08,Apex Marketing Group,Brand Awareness,Facebook,Europe,UAE,46927,4666,3.28,4216.0,1.45,230,109,2.16,14916.68,1.85,Returning Customers
2026-02-09,Apex Marketing Group,Brand Awareness,Email,Europe,France,10878,1190,5.68,2795.37,0.61,477,29,6.31,2753.7,7.78,Returning Customers
2026-02-10,Apex Marketing Group,Seasonal Sale,Instagram,South America,Canada,43946,2364,1.77,4513.07,0.77,99,19,3.5,2746.67,4.64,New Customers
2026-02-11,Apex Marketing Group,Email Nurture,Instagram,South America,South Africa,11377,2582,7.07,4634.66,1.28,373,47,3.4,545.09,4.01,SMB
2026-02-12,GrowthSpark Marketing,Lead Generation,Facebook,Europe,Brazil,8347,3630,8.05,95.04,2.6,301,136,7.84,1091.18,7.88,Enterprise
2026-02-13,CloudNova,Product Launch,Email,Europe,UAE,34776,1237,2.05,423.29,4.23,85,23,10.24,5347.14,4.68,New Customers
2026-02-14,Apex Marketing Group,Brand Awareness,LinkedIn,Europe,UAE,4783,4521,1.49,1289.28,3.57,179,117,13.72,1393.61,5.46,Enterprise
2026-02-15,Apex Marketing Group,Product Launch,Email,Middle East,Saudi Arabia,5298,4798,1.88,3363.11,3.99,226,106,7.78,7440.69,3.0,Enterprise
2026-02-16,GrowthSpark Marketing,Product Launch,Google Ads,South America,India,5668,3389,8.83,4446.95,1.88,107,163,14.5,16672.22,3.37,New Customers
2026-02-17,GrowthSpark Marketing,Seasonal Sale,Twitter,Europe,Brazil,21671,598,5.52,2326.71,2.14,58,53,14.15,6593.77,4.96,Returning Customers
2026-02-18,ShopNest,Email Nurture,LinkedIn,Asia,Japan,35820,4137,4.94,3054.52,2.09,187,96,13.04,14583.9,1.02,New Customers
2026-02-19,Apex Marketing Group,Brand Awareness,Instagram,Asia,Germany,35484,122,1.51,983.07,1.12,355,186,7.75,1968.81,2.42,Enterprise
2026-02-20,ShopNest,Product Launch,LinkedIn,Middle East,Canada,34078,248,6.67,4034.59,0.49,407,5,2.54,13221.57,1.98,Enterprise
2026-02-21,GrowthSpark Marketing,Brand Awareness,Instagram,Middle East,Saudi Arabia,48159,3251,8.75,4838.27,3.04,322,16,3.66,6403.27,0.62,Returning Customers
2026-02-22,GrowthSpark Marketing,Lead Generation,Instagram,North America,UAE,21922,1831,8.37,1379.56,4.95,359,17,9.89,15020.08,4.53,New Customers
2026-02-23,CloudNova,Seasonal Sale,LinkedIn,North America,France,35028,621,6.45,2499.39,1.0,353,160,6.62,2811.42,4.71,SMB
2026-02-24,Apex Marketing Group,Lead Generation,Instagram,North America,Netherlands,46925,840,1.22,476.27,0.42,447,102,2.63,17967.88,3.38,Enterprise
2026-02-25,ShopNest,Brand Awareness,Instagram,Middle East,Saudi Arabia,21316,1688,1.57,2817.73,3.94,325,180,7.45,4927.29,2.52,New Customers
2026-02-26,GrowthSpark Marketing,Brand Awareness,Google Ads,Middle East,Canada,12460,1881,0.97,2538.78,1.41,72,20,0.75,7127.44,5.39,Returning Customers
2026-02-27,GrowthSpark Marketing,Email Nurture,Email,Middle East,Canada,17968,1905,2.95,764.96,4.18,32,112,11.14,19008.6,1.51,Returning Customers
2026-02-28,ShopNest,Product Launch,Email,Asia,Netherlands,31266,1224,1.79,2238.23,3.58,278,120,1.57,11611.8,4.39,SMB
2026-03-01,CloudNova,Product Launch,Twitter,Middle East,India,31209,3790,2.97,1703.82,4.74,286,194,9.62,7378.85,6.26,Enterprise
2026-03-02,GrowthSpark Marketing,Lead Generation,Twitter,Asia,UAE,25000,3327,4.16,2633.06,2.16,364,111,12.0,18997.08,1.73,SMB
2026-03-03,Apex Marketing Group,Seasonal Sale,Google Ads,North America,Brazil,15011,228,9.46,2948.99,3.38,407,1,2.42,6648.64,6.15,SMB
2026-03-04,GrowthSpark Marketing,Product Launch,Twitter,North America,Australia,3866,2294,6.3,92.05,2.43,315,58,8.02,1987.93,6.21,SMB
2026-03-05,Apex Marketing Group,Email Nurture,LinkedIn,North America,South Africa,48133,4136,8.43,3816.98,3.23,123,93,11.8,19937.29,0.95,SMB
2026-03-06,ShopNest,Lead Generation,Facebook,Europe,Germany,6898,784,7.25,3579.42,2.36,384,172,4.28,5430.11,0.64,Returning Customers
2026-03-07,Apex Marketing Group,Lead Generation,Facebook,Europe,India,19395,848,1.57,1863.12,1.11,445,6,2.86,17040.03,7.8,Enterprise
2026-03-08,ShopNest,Email Nurture,Facebook,South America,China,40019,837,7.49,312.03,2.64,138,108,5.38,3394.26,1.95,SMB
2026-03-09,Apex Marketing Group,Seasonal Sale,Google Ads,South America,South Africa,38707,2845,3.11,3786.92,2.74,133,103,8.54,14653.94,6.67,Enterprise
2026-03-10,ShopNest,Email Nurture,Google Ads,South America,UAE,5006,4354,6.57,4778.12,4.09,12,50,8.84,10536.54,4.71,Returning Customers
2026-03-11,Apex Marketing Group,Seasonal Sale,Instagram,Europe,India,35393,4638,3.74,1238.75,3.73,485,118,2.4,19620.04,2.48,Returning Customers
2026-03-12,CloudNova,Email Nurture,Facebook,Europe,Japan,11956,3134,9.98,1651.45,3.39,55,110,7.13,11101.32,1.47,New Customers
2026-03-13,Apex Marketing Group,Email Nurture,LinkedIn,South America,Germany,31663,2968,3.0,959.87,0.74,495,88,4.39,597.8,4.23,New Customers
2026-03-14,Apex Marketing Group,Brand Awareness,Twitter,South America,Saudi Arabia,7078,781,3.15,2905.83,3.66,345,20,12.71,12117.17,3.56,Enterprise
2026-03-15,CloudNova,Lead Generation,LinkedIn,Middle East,Netherlands,30631,1179,9.34,816.46,2.6,476,14,5.05,2991.8,5.74,New Customers
2026-03-16,GrowthSpark Marketing,Email Nurture,Twitter,South America,United States,31140,3496,0.73,1813.16,4.49,285,133,12.66,15990.96,7.28,SMB
2026-03-17,GrowthSpark Marketing,Email Nurture,Facebook,Middle East,China,42691,1655,7.12,3500.21,4.62,179,169,6.71,17145.71,6.54,Enterprise
2026-03-18,Apex Marketing Group,Product Launch,Facebook,Asia,United Kingdom,4961,3828,7.39,2822.57,0.46,187,40,11.04,9693.66,2.56,Returning Customers
2026-03-19,CloudNova,Lead Generation,Facebook,Europe,Singapore,30277,2795,8.45,1962.99,4.14,196,34,7.9,15686.11,7.09,Returning Customers
2026-03-20,Apex Marketing Group,Product Launch,Google Ads,South America,India,42574,3220,9.76,2130.24,0.38,253,124,9.52,2987.7,6.75,SMB
2026-03-21,ShopNest,Lead Generation,Twitter,Europe,Canada,32417,4739,9.77,2832.45,1.96,239,45,6.23,9892.36,7.47,New Customers
2026-03-22,ShopNest,Product Launch,Google Ads,Europe,Australia,23484,2983,1.12,79.03,2.8,87,199,11.64,7939.49,3.94,Enterprise
2026-03-23,Apex Marketing Group,Email Nurture,Google Ads,Europe,United States,19103,1265,8.31,438.62,0.91,97,80,6.67,12265.22,6.26,Enterprise
2026-03-24,GrowthSpark Marketing,Email Nurture,Email,Asia,India,30345,374,6.64,4412.23,3.78,377,71,7.13,985.1,4.94,SMB
2026-03-25,GrowthSpark Marketing,Brand Awareness,LinkedIn,North America,India,47326,1900,6.65,435.5,0.24,398,155,8.01,15067.24,2.83,New Customers
2026-03-26,Apex Marketing Group,Product Launch,LinkedIn,South America,France,40454,1540,1.72,3548.68,1.01,316,78,12.56,1674.67,7.96,Enterprise
2026-03-27,Apex Marketing Group,Seasonal Sale,Instagram,North America,South Africa,2587,943,6.68,4604.19,2.99,272,78,10.06,13163.78,0.79,SMB
2026-03-28,ShopNest,Brand Awareness,Google Ads,North America,France,43571,1440,9.83,1389.88,3.63,421,172,5.56,467.3,1.72,Enterprise
2026-03-29,GrowthSpark Marketing,Product Launch,Twitter,North America,United States,22031,3439,9.16,1883.93,4.6,124,33,10.22,16654.57,7.19,Returning Customers
2026-03-30,Apex Marketing Group,Product Launch,Email,Europe,Brazil,27212,4289,4.67,2866.16,3.59,75,33,9.82,3576.52,0.95,Enterprise
2026-03-31,ShopNest,Brand Awareness,Email,Middle East,Saudi Arabia,11350,4529,0.88,4414.46,3.42,21,44,14.0,10358.4,7.15,Enterprise
2026-04-01,GrowthSpark Marketing,Email Nurture,LinkedIn,Europe,France,19816,2313,3.94,4712.43,2.09,257,20,12.7,5303.71,5.86,Enterprise
2026-04-02,CloudNova,Product Launch,Google Ads,Europe,Canada,21288,3482,8.35,3710.84,0.21,449,111,9.89,14480.68,0.78,New Customers
2026-04-03,ShopNest,Email Nurture,Instagram,North America,China,30432,2421,7.16,478.77,0.78,126,164,5.45,6494.89,3.72,New Customers
2026-04-04,GrowthSpark Marketing,Brand Awareness,Google Ads,Europe,United Kingdom,45222,3136,4.86,3362.31,2.77,384,7,11.8,14519.72,6.16,SMB
2026-04-05,GrowthSpark Marketing,Email Nurture,Facebook,North America,South Africa,49617,4362,1.02,2081.0,3.44,14,160,8.84,5768.94,4.87,New Customers
2026-04-06,ShopNest,Lead Generation,Google Ads,Middle East,Netherlands,7837,1565,4.56,2379.97,2.2,291,195,14.79,15074.21,7.52,Enterprise
2026-04-07,CloudNova,Seasonal Sale,Facebook,South America,Germany,35217,2967,4.96,293.28,3.71,320,167,4.09,709.05,7.01,Enterprise
2026-04-08,ShopNest,Product Launch,Facebook,North America,United Kingdom,21884,2402,9.32,995.76,2.7,330,24,1.66,5737.9,2.99,New Customers
2026-04-09,GrowthSpark Marketing,Seasonal Sale,Instagram,Middle East,United Kingdom,6454,1217,6.59,3963.04,0.56,277,70,1.51,10022.81,1.13,New Customers
2026-04-10,Apex Marketing Group,Email Nurture,Twitter,South America,Germany,10424,160,3.46,2297.1,1.12,310,112,9.78,996.69,7.58,Enterprise
2026-04-11,Apex Marketing Group,Product Launch,LinkedIn,Asia,France,37885,4377,5.49,1543.23,4.23,297,104,14.12,3802.08,4.38,Enterprise
2026-04-12,ShopNest,Email Nurture,Google Ads,North America,United States,42637,3705,1.13,1950.89,3.68,214,54,0.53,18697.29,1.06,Returning Customers
2026-04-13,GrowthSpark Marketing,Lead Generation,Facebook,North America,Germany,44618,3843,9.74,4279.28,4.49,450,38,11.02,19539.0,6.62,SMB
2026-04-14,Apex Marketing Group,Brand Awareness,Google Ads,Asia,Saudi Arabia,19412,1805,3.92,3757.55,0.76,222,74,10.03,14821.02,7.01,New Customers
2026-04-15,GrowthSpark Marketing,Product Launch,Twitter,Asia,Saudi Arabia,48111,1627,5.04,1397.96,4.95,245,80,11.12,5118.78,5.3,SMB
2026-04-16,ShopNest,Lead Generation,LinkedIn,North America,UAE,40613,1346,3.88,631.63,1.21,378,32,5.65,5284.3,3.86,Enterprise
2026-04-17,Apex Marketing Group,Lead Generation,Twitter,Asia,Japan,21142,3824,6.98,1297.39,0.26,468,45,12.4,12951.23,5.47,SMB
2026-04-18,GrowthSpark Marketing,Product Launch,LinkedIn,Europe,Brazil,38392,2270,6.79,4607.74,4.99,204,61,1.15,2440.23,5.8,New Customers
2026-04-19,Apex Marketing Group,Email Nurture,Email,South America,China,9848,1022,7.3,2928.86,1.55,220,198,11.45,18971.36,7.2,New Customers
2026-04-20,ShopNest,Lead Generation,LinkedIn,South America,Australia,14136,1080,3.05,2690.73,3.41,209,53,4.37,4573.78,7.67,SMB
2026-04-21,GrowthSpark Marketing,Seasonal Sale,Instagram,South America,France,1589,2643,3.5,3002.15,1.05,417,128,7.41,19992.75,4.36,New Customers
2026-04-22,Apex Marketing Group,Lead Generation,Twitter,Europe,South Africa,21908,4042,1.69,1861.84,2.99,420,179,12.43,9965.1,6.49,Returning Customers
2026-04-23,ShopNest,Email Nurture,Facebook,Asia,Netherlands,7509,4663,6.73,4045.18,4.54,220,76,4.43,15451.46,7.73,Enterprise
2026-04-24,Apex Marketing Group,Email Nurture,Email,Middle East,Brazil,41461,963,0.88,2640.27,1.74,84,184,3.19,143.46,1.63,Enterprise
2026-04-25,Apex Marketing Group,Seasonal Sale,Instagram,Asia,Germany,43222,2231,6.18,627.9,3.42,271,27,10.38,17786.05,0.64,New Customers
2026-04-26,CloudNova,Lead Generation,Google Ads,North America,Japan,45476,3247,8.76,688.87,1.1,484,166,8.23,5473.04,7.02,Enterprise
2026-04-27,CloudNova,Email Nurture,Twitter,South America,Australia,46710,1512,8.96,2707.45,3.2,394,62,7.96,13391.94,1.96,Returning Customers
2026-04-28,ShopNest,Product Launch,Facebook,Asia,South Africa,10968,2428,4.77,4686.02,1.81,383,18,4.22,16146.47,0.82,New Customers
2026-04-29,CloudNova,Brand Awareness,LinkedIn,Middle East,China,3462,3504,4.86,1576.34,1.21,39,127,1.01,3366.54,1.7,Returning Customers
2026-04-30,ShopNest,Brand Awareness,Facebook,North America,Singapore,10460,3603,1.23,4354.23,1.7,293,109,6.45,8905.94,3.38,Returning Customers
2026-05-01,CloudNova,Brand Awareness,Google Ads,Europe,China,34783,1357,6.87,3832.27,1.06,22,103,2.05,9927.34,2.14,Enterprise
2026-05-02,Apex Marketing Group,Lead Generation,Email,Europe,France,10275,1239,8.3,1276.67,4.53,169,192,13.64,6311.18,2.79,Enterprise
2026-05-03,ShopNest,Seasonal Sale,Email,Middle East,Germany,29677,737,2.82,229.89,2.11,17,77,1.1,9686.94,7.81,SMB
2026-05-04,ShopNest,Email Nurture,Twitter,North America,Singapore,14269,4711,4.5,554.14,1.38,206,117,6.76,6419.16,5.78,Returning Customers
2026-05-05,Apex Marketing Group,Product Launch,Email,South America,Brazil,1406,1257,8.47,3656.04,2.35,233,104,1.26,7278.88,5.84,Enterprise
2026-05-06,ShopNest,Product Launch,Twitter,Asia,United States,8384,1944,8.83,1038.37,1.74,350,158,1.89,13419.69,1.21,Returning Customers
2026-05-07,ShopNest,Lead Generation,Twitter,North America,Brazil,23553,4972,2.81,1887.79,3.77,370,49,10.05,12688.61,5.99,SMB
2026-05-08,CloudNova,Brand Awareness,Twitter,Europe,Brazil,25366,1861,5.73,2533.41,4.86,469,169,9.88,4722.09,6.05,Returning Customers
2026-05-09,ShopNest,Lead Generation,LinkedIn,Middle East,China,45036,3233,2.33,3641.07,2.3,452,116,0.98,17959.91,5.45,New Customers
2026-05-10,GrowthSpark Marketing,Seasonal Sale,Instagram,Middle East,United States,18369,3847,1.47,610.49,4.33,5,141,0.52,17269.49,2.21,SMB
2026-05-11,Apex Marketing Group,Seasonal Sale,Twitter,Asia,United States,12795,1694,9.16,2061.51,2.92,323,162,1.64,10230.76,3.67,SMB
2026-05-12,CloudNova,Email Nurture,Twitter,Middle East,France,5485,4018,8.29,2451.11,0.95,221,100,11.56,8721.69,6.85,Returning Customers
2026-05-13,CloudNova,Email Nurture,Instagram,Middle East,South Africa,42669,2766,7.72,2727.09,3.51,38,125,8.98,7599.43,5.53,Returning Customers
2026-05-14,GrowthSpark Marketing,Seasonal Sale,Facebook,North America,Australia,3618,240,0.96,4100.89,2.66,363,25,1.05,14174.63,6.0,Enterprise
2026-05-15,Apex Marketing Group,Seasonal Sale,Twitter,South America,India,31143,1385,8.52,899.81,3.32,270,194,7.58,13466.15,4.91,New Customers
2026-05-16,Apex Marketing Group,Seasonal Sale,LinkedIn,Asia,United Kingdom,30425,4853,4.66,4048.77,4.47,132,128,10.82,4003.99,3.87,SMB
2026-05-17,CloudNova,Lead Generation,Email,North America,South Africa,23673,3156,3.75,3479.75,2.31,216,100,13.1,13462.01,6.19,SMB
2026-05-18,ShopNest,Seasonal Sale,Email,South America,United Kingdom,10603,428,5.69,2801.56,4.53,267,146,14.04,5123.38,1.01,SMB
2026-05-19,CloudNova,Product Launch,Google Ads,North America,China,40696,4532,1.37,3512.66,3.8,316,5,5.25,469.31,5.55,Enterprise
2026-05-20,Apex Marketing Group,Brand Awareness,Google Ads,North America,India,6368,3879,7.69,2089.49,2.55,84,19,2.47,14014.25,7.98,New Customers
2026-05-21,GrowthSpark Marketing,Seasonal Sale,Email,Middle East,Australia,5621,665,6.03,735.07,3.1,169,170,3.94,12931.39,6.35,SMB
2026-05-22,CloudNova,Brand Awareness,Email,South America,India,15719,2380,2.27,3345.54,1.76,417,18,11.75,8275.1,2.68,SMB
2026-05-23,Apex Marketing Group,Lead Generation,LinkedIn,Asia,France,30227,1804,2.29,2647.13,4.92,256,121,14.59,10561.15,2.58,Enterprise
2026-05-24,CloudNova,Brand Awareness,Instagram,Asia,Brazil,44894,513,2.25,3214.91,3.4,16,32,7.26,18948.67,5.5,Returning Customers
2026-05-25,ShopNest,Lead Generation,Google Ads,South America,China,8566,1016,1.04,1723.09,0.41,405,149,4.93,11944.48,7.22,SMB
2026-05-26,CloudNova,Product Launch,Instagram,Middle East,United States,13306,4317,6.08,4538.99,1.77,308,10,6.72,13191.89,4.83,New Customers
2026-05-27,CloudNova,Lead Generation,LinkedIn,Europe,Saudi Arabia,25042,3208,8.48,2957.48,3.19,216,37,4.92,1371.84,4.46,New Customers
2026-05-28,Apex Marketing Group,Lead Generation,Email,North America,China,16086,3674,0.67,472.74,0.47,286,177,4.22,3403.29,1.7,New Customers
2026-05-29,Apex Marketing Group,Email Nurture,Twitter,Middle East,United Kingdom,18387,4988,0.97,2276.53,0.31,116,86,9.11,6088.95,5.87,New Customers
2026-05-30,Apex Marketing Group,Seasonal Sale,Instagram,South America,Singapore,28042,739,5.94,3793.96,2.36,215,13,0.73,10833.65,5.77,Enterprise
2026-05-31,CloudNova,Seasonal Sale,Email,North America,Australia,24888,2672,8.29,3980.97,1.8,382,183,4.26,15554.16,7.75,SMB
2026-06-01,ShopNest,Product Launch,Email,Asia,Netherlands,27514,2262,3.6,2498.26,2.3,243,145,10.09,6492.69,2.75,Enterprise
2026-06-02,GrowthSpark Marketing,Product Launch,Facebook,Europe,India,19323,432,3.82,4479.0,1.46,272,9,0.96,7192.01,6.17,New Customers
2026-06-03,GrowthSpark Marketing,Seasonal Sale,Instagram,Asia,Australia,19019,2306,6.17,1374.96,0.99,409,88,1.71,5197.4,3.76,New Customers
2026-06-04,Apex Marketing Group,Email Nurture,Twitter,South America,South Africa,10890,3860,3.11,2082.46,3.51,302,172,4.75,5166.73,4.69,New Customers
2026-06-05,Apex Marketing Group,Seasonal Sale,Instagram,North America,Netherlands,41863,3553,0.75,4498.05,2.67,321,46,13.23,18982.39,6.62,Enterprise
2026-06-06,CloudNova,Email Nurture,Email,South America,France,46487,1462,7.48,4486.47,1.16,62,136,11.59,12745.6,2.16,New Customers
2026-06-07,GrowthSpark Marketing,Product Launch,Twitter,North America,China,11283,1633,6.44,3444.28,1.73,442,119,0.82,3202.43,3.07,SMB
2026-06-08,Apex Marketing Group,Brand Awareness,LinkedIn,Middle East,South Africa,19279,421,6.02,4301.95,3.04,38,165,7.77,14472.75,6.3,New Customers
2026-06-09,ShopNest,Product Launch,Facebook,Europe,Singapore,47999,660,7.55,489.43,0.55,267,19,4.48,14468.22,4.78,SMB
2026-06-10,ShopNest,Product Launch,Email,Middle East,Germany,23908,165,6.91,4331.73,0.91,369,191,9.91,13362.76,1.19,SMB
2026-06-11,Apex Marketing Group,Lead Generation,Google Ads,Middle East,Netherlands,48466,496,2.46,1637.07,0.55,39,174,10.96,2780.94,3.73,New Customers
2026-06-12,Apex Marketing Group,Lead Generation,Google Ads,South America,China,38952,1441,3.85,932.74,4.1,275,94,13.01,8219.03,4.9,Enterprise
2026-06-13,GrowthSpark Marketing,Lead Generation,Facebook,Europe,South Africa,36170,3374,1.7,1234.88,3.81,453,199,7.39,2224.45,7.32,Returning Customers
2026-06-14,GrowthSpark Marketing,Lead Generation,LinkedIn,North America,United States,38663,1390,1.73,2118.94,3.82,478,26,14.92,16350.75,1.91,Returning Customers
2026-06-15,CloudNova,Email Nurture,Email,North America,China,45172,4560,6.92,1293.4,3.64,231,46,14.71,13137.93,6.54,SMB
2026-06-16,GrowthSpark Marketing,Seasonal Sale,Instagram,Asia,Japan,48929,2989,8.66,1636.81,3.41,29,118,13.29,10193.36,1.48,Enterprise
2026-06-17,ShopNest,Brand Awareness,Facebook,North America,France,10343,3749,9.65,718.14,2.49,238,46,8.84,6926.01,2.32,Returning Customers
2026-06-18,ShopNest,Product Launch,LinkedIn,South America,Canada,11637,1123,6.47,1516.07,3.28,63,14,6.27,3766.56,2.33,New Customers
2026-06-19,Apex Marketing Group,Email Nurture,Instagram,Middle East,France,35724,4863,2.25,2882.8,0.38,255,85,5.78,2218.31,7.08,New Customers
2026-06-20,GrowthSpark Marketing,Brand Awareness,Google Ads,Middle East,India,40791,3619,1.5,2237.18,3.18,339,63,0.68,19387.89,1.99,SMB
2026-06-21,CloudNova,Email Nurture,Google Ads,Middle East,Saudi Arabia,30134,3200,8.22,1766.26,3.93,90,72,4.11,4073.01,6.4,Enterprise
2026-06-22,ShopNest,Email Nurture,Instagram,Europe,Canada,47830,1655,6.0,3744.94,2.6,255,3,10.92,1291.51,3.96,Enterprise
2026-06-23,ShopNest,Product Launch,Facebook,North America,Singapore,48101,4707,6.37,4472.87,1.92,394,28,9.25,19237.17,7.99,Returning Customers
2026-06-24,CloudNova,Seasonal Sale,Google Ads,South America,India,4907,2344,7.92,3796.11,1.53,184,125,13.79,11024.14,6.79,Returning Customers
2026-06-25,CloudNova,Lead Generation,Email,Europe,India,34575,3712,7.18,1693.4,3.29,211,157,1.23,15953.47,6.05,New Customers
2026-06-26,ShopNest,Seasonal Sale,Twitter,Asia,United States,47799,4532,8.43,3734.99,3.53,348,87,2.75,970.94,7.03,SMB
2026-06-27,ShopNest,Product Launch,Instagram,South America,Singapore,5827,4847,1.03,802.3,4.38,153,146,11.94,11382.22,5.26,Enterprise
2026-06-28,CloudNova,Product Launch,Instagram,South America,United States,31607,1033,7.6,695.07,1.84,75,163,5.7,8024.38,6.83,Returning Customers
2026-06-29,ShopNest,Product Launch,Google Ads,South America,Singapore,14699,401,8.58,1760.85,3.89,125,77,2.22,15462.09,2.46,Returning Customers
2026-06-30,Apex Marketing Group,Brand Awareness,Facebook,Middle East,UAE,38292,1774,3.22,4048.13,2.89,257,76,14.95,864.67,1.23,SMB
2026-07-01,Apex Marketing Group,Seasonal Sale,Email,South America,Brazil,48961,2001,6.58,1269.42,4.44,97,175,11.92,8093.64,5.12,SMB
2026-07-02,CloudNova,Seasonal Sale,Facebook,North America,United Kingdom,26883,1329,3.48,363.1,2.73,260,114,6.43,16001.56,3.76,New Customers
2026-07-03,GrowthSpark Marketing,Email Nurture,LinkedIn,South America,Singapore,49991,1957,9.6,701.96,2.68,258,133,12.44,10501.68,3.7,SMB
2026-07-04,CloudNova,Email Nurture,LinkedIn,Middle East,Brazil,6313,4898,0.82,4300.79,2.97,356,75,10.37,11045.77,4.45,New Customers
2026-07-05,CloudNova,Email Nurture,Twitter,South America,Brazil,14598,1074,6.01,3187.23,3.8,292,59,11.95,2033.58,3.21,New Customers
2026-07-06,GrowthSpark Marketing,Product Launch,Google Ads,Asia,Netherlands,46826,595,2.08,1303.35,4.83,313,59,12.32,2733.38,5.2,SMB
2026-07-07,GrowthSpark Marketing,Seasonal Sale,Google Ads,Asia,Saudi Arabia,29807,4224,7.27,2798.71,0.55,63,47,1.73,13572.29,0.73,SMB
2026-07-08,GrowthSpark Marketing,Product Launch,Google Ads,Middle East,United Kingdom,5887,2431,2.17,2661.52,0.46,73,95,9.53,13533.43,7.77,SMB
2026-07-09,Apex Marketing Group,Brand Awareness,Twitter,North America,Germany,4854,938,2.74,3294.41,4.7,450,141,0.6,19584.16,7.44,SMB
2026-07-10,ShopNest,Email Nurture,LinkedIn,North America,Canada,46226,1155,5.2,1204.28,2.74,392,78,1.13,14267.86,7.51,SMB
2026-07-11,Apex Marketing Group,Product Launch,Facebook,Europe,Australia,15536,2599,9.19,4328.79,3.15,90,113,13.61,9915.55,3.24,New Customers
2026-07-12,ShopNest,Product Launch,Twitter,Middle East,Brazil,4558,2040,2.51,1581.37,2.52,278,109,8.15,17160.82,4.49,Returning Customers
2026-07-13,Apex Marketing Group,Brand Awareness,Twitter,South America,Saudi Arabia,10772,4048,1.87,3485.95,0.65,231,106,11.17,2179.01,7.66,Enterprise
2026-07-14,ShopNest,Lead Generation,Facebook,Middle East,UAE,37343,3825,7.71,129.82,3.89,85,89,12.66,9040.99,7.27,Enterprise
2026-07-15,Apex Marketing Group,Seasonal Sale,Google Ads,Europe,Singapore,36186,2862,5.26,1894.65,3.79,118,33,14.27,5813.47,6.43,New Customers
2026-07-16,GrowthSpark Marketing,Lead Generation,Email,Middle East,China,37966,970,9.16,1790.96,1.7,188,97,13.11,2182.29,3.55,New Customers
2026-07-17,CloudNova,Email Nurture,Facebook,Middle East,China,34769,4695,1.89,2740.25,1.67,284,190,7.51,15293.69,4.73,Returning Customers
2026-07-18,Apex Marketing Group,Product Launch,LinkedIn,Europe,Netherlands,40887,2111,6.64,410.04,4.22,326,79,5.37,10264.76,6.45,SMB
2026-07-19,ShopNest,Brand Awareness,Instagram,North America,India,20229,4537,2.71,3961.15,0.55,401,16,2.74,11179.7,2.55,New Customers
2026-07-20,GrowthSpark Marketing,Brand Awareness,Instagram,South America,Netherlands,10673,3689,1.99,1128.01,4.43,322,44,6.3,8283.98,5.2,Enterprise
2026-07-21,Apex Marketing Group,Seasonal Sale,Twitter,Europe,United Kingdom,28877,3215,6.99,3401.34,1.43,58,186,5.81,9260.71,6.71,SMB
2026-07-22,Apex Marketing Group,Lead Generation,Instagram,Asia,India,32601,4485,6.14,4025.9,3.05,403,120,8.61,2408.75,5.81,New Customers
2026-07-23,GrowthSpark Marketing,Seasonal Sale,Email,North America,Netherlands,39084,2694,7.67,2831.29,4.69,201,134,10.15,13491.06,4.1,SMB
2026-07-24,Apex Marketing Group,Product Launch,Google Ads,Asia,Singapore,17244,4902,3.44,3717.37,3.45,391,108,14.69,8705.7,4.88,Enterprise
2026-07-25,CloudNova,Seasonal Sale,LinkedIn,North America,Saudi Arabia,28356,1095,4.76,3326.21,2.19,297,143,11.06,16353.67,7.92,SMB
2026-07-26,Apex Marketing Group,Brand Awareness,Email,South America,Japan,17806,3606,4.35,1809.87,3.51,297,4,9.83,4006.12,5.01,New Customers
2026-07-27,CloudNova,Brand Awareness,LinkedIn,South America,Japan,24099,2731,9.85,4053.85,1.85,489,56,5.36,4180.6,6.39,New Customers
2026-07-28,CloudNova,Email Nurture,LinkedIn,Middle East,UAE,45641,3249,3.28,1508.77,1.53,391,64,1.0,12950.62,5.95,Enterprise
2026-07-29,GrowthSpark Marketing,Email Nurture,Google Ads,Asia,South Africa,38034,988,3.3,2877.5,4.98,451,196,4.68,16935.47,5.76,Returning Customers
2026-07-30,Apex Marketing Group,Product Launch,Twitter,North America,Australia,41317,4993,3.87,3739.72,3.8,295,162,11.64,9496.74,5.87,Returning Customers
2026-07-31,GrowthSpark Marketing,Lead Generation,Instagram,South America,Netherlands,20094,491,5.86,1925.83,3.29,184,95,3.48,14566.38,3.91,SMB
2026-08-01,Apex Marketing Group,Seasonal Sale,Google Ads,Europe,United States,11589,2600,2.9,1548.7,1.91,475,56,10.83,19986.67,4.06,New Customers
2026-08-02,Apex Marketing Group,Product Launch,Email,South America,Singapore,2657,4275,9.2,2323.76,0.44,384,32,8.91,19806.29,4.01,New Customers
2026-08-03,ShopNest,Email Nurture,Twitter,Europe,United States,33764,646,3.02,4098.92,0.35,416,116,2.99,14912.3,0.75,Enterprise
2026-08-04,Apex Marketing Group,Seasonal Sale,Email,North America,United Kingdom,40531,1555,9.01,4653.11,2.86,226,9,4.29,14817.77,2.31,Enterprise
2026-08-05,GrowthSpark Marketing,Email Nurture,Twitter,South America,United Kingdom,4164,911,1.48,2748.16,3.86,278,191,7.7,5027.62,1.66,New Customers
2026-08-06,CloudNova,Seasonal Sale,Email,South America,Brazil,28542,2690,6.74,3324.26,2.78,382,105,6.57,16687.44,7.15,Enterprise
2026-08-07,Apex Marketing Group,Lead Generation,Google Ads,North America,Japan,19437,3781,9.12,4521.2,4.24,248,78,11.79,8161.53,2.56,Returning Customers
2026-08-08,ShopNest,Product Launch,Twitter,South America,Netherlands,42247,1601,2.1,537.81,0.36,424,161,11.15,19243.68,1.54,Returning Customers
2026-08-09,GrowthSpark Marketing,Seasonal Sale,Twitter,Europe,Brazil,39505,3286,9.7,1198.79,1.96,421,87,8.83,1720.41,1.4,SMB
2026-08-10,Apex Marketing Group,Brand Awareness,LinkedIn,South America,United States,20601,1786,4.8,3559.06,1.34,452,21,12.42,8773.22,5.75,Enterprise
2026-08-11,GrowthSpark Marketing,Brand Awareness,LinkedIn,Asia,South Africa,29430,1499,9.48,4127.54,2.35,158,55,8.66,11161.23,0.55,SMB
2026-08-12,ShopNest,Seasonal Sale,Facebook,Middle East,Canada,7009,314,6.93,4292.29,0.55,308,76,14.48,8162.61,4.03,Enterprise
2026-08-13,ShopNest,Seasonal Sale,Email,Europe,Canada,5552,2709,3.37,2104.78,4.78,428,185,3.65,4290.53,1.39,Enterprise
2026-08-14,GrowthSpark Marketing,Seasonal Sale,LinkedIn,Asia,United Kingdom,10417,2771,2.29,492.23,1.27,277,130,10.85,11900.47,6.87,Returning Customers
2026-08-15,Apex Marketing Group,Brand Awareness,Facebook,North America,South Africa,42989,1512,3.39,2217.02,4.63,428,141,5.86,15142.77,7.69,New Customers
2026-08-16,CloudNova,Brand Awareness,LinkedIn,Europe,India,3671,4302,1.38,1192.14,2.24,139,126,4.55,12932.29,7.69,Enterprise
2026-08-17,ShopNest,Seasonal Sale,Email,Middle East,United States,7519,1495,1.87,1491.42,4.93,317,132,3.12,4765.53,3.81,Enterprise
2026-08-18,Apex Marketing Group,Email Nurture,Twitter,Middle East,Canada,37730,2348,1.49,3872.72,2.86,12,84,8.51,14659.0,5.33,Enterprise
2026-08-19,Apex Marketing Group,Email Nurture,Instagram,North America,South Africa,13734,2975,4.52,423.86,4.67,132,178,3.62,5212.27,5.0,New Customers
2026-08-20,CloudNova,Lead Generation,Email,North America,Netherlands,46890,1682,8.06,4146.53,0.23,377,115,3.41,3586.53,3.13,SMB
2026-08-21,ShopNest,Product Launch,Google Ads,Europe,South Africa,4722,2424,1.84,2166.96,3.79,60,48,14.86,13844.29,3.83,SMB
2026-08-22,ShopNest,Email Nurture,LinkedIn,South America,United States,5906,562,1.74,3000.52,4.53,130,123,12.13,16871.47,0.98,Enterprise
2026-08-23,Apex Marketing Group,Brand Awareness,LinkedIn,North America,France,31096,265,6.61,493.78,0.87,163,78,11.35,9682.64,6.47,Enterprise
2026-08-24,Apex Marketing Group,Email Nurture,Twitter,South America,South Africa,41031,3381,2.37,1719.93,0.66,63,30,12.01,10674.7,2.31,SMB
2026-08-25,CloudNova,Lead Generation,Google Ads,Asia,South Africa,14699,2222,1.43,494.02,2.24,62,29,14.55,6124.68,3.95,SMB
2026-08-26,CloudNova,Lead Generation,Twitter,Middle East,China,22438,3203,2.09,4809.64,4.68,144,136,8.81,9942.9,4.1,Returning Customers
2026-08-27,ShopNest,Product Launch,Google Ads,South America,Japan,44856,1756,9.28,4045.95,2.8,180,140,3.69,2726.46,4.71,Enterprise
2026-08-28,GrowthSpark Marketing,Email Nurture,Instagram,Middle East,Brazil,34576,2156,8.3,2325.18,2.73,419,41,13.0,19121.03,6.63,SMB
2026-08-29,ShopNest,Brand Awareness,LinkedIn,South America,United States,42938,1617,3.86,1156.83,0.88,112,26,11.27,16027.18,5.69,Returning Customers
2026-08-30,Apex Marketing Group,Brand Awareness,LinkedIn,Asia,China,33247,2258,6.73,4670.6,0.2,215,50,6.51,13392.66,5.47,New Customers
2026-08-31,ShopNest,Seasonal Sale,Instagram,North America,South Africa,44461,2381,5.6,1755.75,4.09,451,2,7.37,10810.07,4.45,Enterprise
2026-09-01,GrowthSpark Marketing,Brand Awareness,Facebook,Asia,France,28938,2203,6.93,846.87,0.62,78,55,6.46,15864.17,1.22,SMB
2026-09-02,CloudNova,Product Launch,Twitter,North America,Brazil,41469,1178,6.99,2837.66,3.24,171,104,13.98,9945.67,3.52,Enterprise
2026-09-03,GrowthSpark Marketing,Product Launch,Instagram,North America,United States,18600,3560,6.47,4721.68,4.59,464,184,5.48,6069.48,7.68,Returning Customers
2026-09-04,GrowthSpark Marketing,Brand Awareness,Twitter,Middle East,United Kingdom,21435,4373,3.03,68.96,1.2,408,14,14.47,3291.45,7.97,SMB
2026-09-05,GrowthSpark Marketing,Brand Awareness,Email,Asia,China,19581,3703,0.87,1228.72,3.39,361,134,13.7,12986.95,5.98,New Customers
2026-09-06,CloudNova,Seasonal Sale,LinkedIn,South America,Brazil,15191,2415,4.83,4695.32,0.58,308,128,9.64,18595.57,2.21,New Customers
2026-09-07,GrowthSpark Marketing,Brand Awareness,Twitter,Asia,United States,20190,4947,8.96,896.88,3.1,237,104,8.91,3157.01,1.26,Returning Customers
2026-09-08,GrowthSpark Marketing,Seasonal Sale,Google Ads,Middle East,China,28386,2971,5.91,610.56,0.99,331,95,5.87,3682.36,3.61,New Customers
2026-09-09,GrowthSpark Marketing,Seasonal Sale,Twitter,North America,France,32721,4617,8.41,2872.43,3.73,376,81,0.77,8728.76,6.92,New Customers
2026-09-10,Apex Marketing Group,Brand Awareness,Email,Middle East,United States,14704,1129,9.92,4316.13,1.65,186,61,2.35,16157.3,5.91,New Customers
2026-09-11,GrowthSpark Marketing,Lead Generation,LinkedIn,Europe,United States,3123,3561,2.05,2411.69,2.42,126,12,11.44,5949.06,7.13,New Customers
2026-09-12,CloudNova,Lead Generation,Instagram,Europe,Singapore,26174,2791,7.07,4973.09,3.08,338,13,7.34,5152.87,5.12,New Customers
2026-09-13,GrowthSpark Marketing,Seasonal Sale,Email,South America,United States,45301,3070,6.91,3411.9,1.02,207,147,2.67,12437.33,1.48,New Customers
2026-09-14,GrowthSpark Marketing,Brand Awareness,LinkedIn,Middle East,UAE,48216,278,9.81,416.67,3.76,459,172,4.33,10758.73,1.36,New Customers
2026-09-15,CloudNova,Lead Generation,Twitter,South America,Australia,15586,220,9.86,4964.52,1.65,33,89,14.24,1298.39,0.86,SMB
2026-09-16,GrowthSpark Marketing,Brand Awareness,Facebook,South America,UAE,32976,344,7.02,2069.08,3.38,206,95,5.82,1721.65,4.75,New Customers
2026-09-17,CloudNova,Brand Awareness,Facebook,Europe,South Africa,26416,4334,2.81,1472.64,0.96,97,59,13.66,12895.96,2.32,SMB
2026-09-18,GrowthSpark Marketing,Brand Awareness,Google Ads,South America,United Kingdom,2814,475,8.09,2811.5,3.5,333,37,4.92,9355.96,6.01,Enterprise
2026-09-19,CloudNova,Email Nurture,LinkedIn,Europe,Netherlands,14001,968,1.52,1556.32,0.82,360,25,8.38,19422.45,5.65,Returning Customers
2026-09-20,GrowthSpark Marketing,Brand Awareness,Facebook,North America,South Africa,17508,3303,7.92,477.96,2.24,180,16,0.8,13602.78,2.89,New Customers
2026-09-21,GrowthSpark Marketing,Email Nurture,Instagram,Middle East,France,20630,548,9.15,57.07,1.39,334,166,8.07,300.47,1.83,Returning Customers
2026-09-22,Apex Marketing Group,Seasonal Sale,LinkedIn,South America,UAE,14380,2859,4.14,2275.44,3.79,215,171,9.74,9672.27,1.27,New Customers
2026-09-23,Apex Marketing Group,Lead Generation,Instagram,Europe,Brazil,49174,875,6.49,4192.47,1.46,188,87,3.9,8347.51,6.03,SMB
2026-09-24,GrowthSpark Marketing,Lead Generation,Instagram,Asia,Saudi Arabia,36699,3829,4.59,2882.96,4.43,99,142,8.89,2223.61,3.88,New Customers
2026-09-25,GrowthSpark Marketing,Lead Generation,Facebook,South America,Australia,47335,1908,4.66,4996.08,4.48,277,134,9.88,18471.86,2.93,Enterprise
2026-09-26,ShopNest,Lead Generation,LinkedIn,North America,India,47806,2168,3.45,1469.89,1.14,141,23,10.46,16119.72,6.92,Returning Customers
